date,avg_temp,min_temp,max_temp,rainfall,avg_wind_speed,max_wind_speed,avg_humidity,sunshine_hours,snow_depth,avg_cloud
2018-01-01,-1.3,-5.1,3.8,,1.4,3.8,39.1,8.3,,1.0
2018-01-02,-1.8,-4.3,1.8,,1.8,4.9,42.0,7.9,,2.3
2018-01-03,-4.7,-7.1,-0.4,,2.2,3.5,42.3,8.6,,3.6
2018-01-04,-4.7,-8.7,-0.7,,1.4,3.5,43.0,6.2,,6.5
2018-01-05,-3.0,-5.6,1.6,,1.7,3.6,48.4,8.2,,3.6
2018-01-06,-2.8,-6.8,2.9,,1.5,3.1,45.8,8.8,,0.0
2018-01-07,-0.8,-5.7,2.8,,0.8,2.5,42.1,3.1,,7.5
2018-01-08,1.3,-1.2,4.0,0.9,1.8,7.1,51.9,0.5,1.0,9.0
2018-01-09,-4.2,-6.1,-1.2,0.5,2.9,6.1,59.4,8.4,1.0,3.5
2018-01-10,-7.5,-10.3,-4.8,0.3,3.0,6.1,52.0,8.8,0.8,0.9
2018-01-11,-11.1,-13.6,-7.4,,2.8,4.9,49.8,8.7,,0.4
2018-01-12,-10.2,-15.3,-5.4,0.0,1.7,3.6,35.4,8.8,,2.3
2018-01-13,-4.4,-6.6,-1.2,0.4,0.8,1.7,67.3,0.9,0.6,8.3
2018-01-14,0.6,-4.4,5.4,,1.2,2.8,64.1,5.6,,7.0
2018-01-15,4.7,1.8,7.7,0.2,1.4,3.3,63.9,6.5,,7.6
2018-01-16,3.5,0.1,6.8,0.0,0.7,2.2,59.1,0.5,,9.8
2018-01-17,4.5,2.4,8.7,,1.2,3.7,64.1,4.8,,7.4
2018-01-18,2.1,0.3,4.5,0.0,1.9,3.8,59.6,,,8.6
2018-01-19,1.0,-2.5,5.5,,1.6,3.7,43.0,8.7,,3.8
2018-01-20,2.2,-1.0,6.9,,1.6,3.6,57.6,5.3,,5.1
2018-01-21,0.4,-3.7,5.5,,1.0,3.2,36.6,8.2,,2.0
2018-01-22,0.2,-5.3,4.0,3.3,1.5,5.1,56.5,0.7,1.0,9.4
2018-01-23,-11.7,-14.6,-5.3,,3.7,5.4,42.0,9.1,1.0,0.3
2018-01-24,-14.2,-16.3,-10.7,,3.4,7.2,31.6,8.9,0.9,0.0
2018-01-25,-14.0,-16.4,-9.5,,2.8,4.8,32.6,8.3,0.7,3.6
2018-01-26,-14.8,-17.8,-10.7,,2.6,4.6,34.9,,0.5,0.0
2018-01-27,-9.9,-15.9,-3.5,,1.4,3.4,37.4,9.0,0.3,1.8
2018-01-28,-6.3,-9.3,-1.2,,2.6,5.6,36.0,7.6,,3.3
2018-01-29,-8.5,-11.6,-4.7,,2.7,6.2,35.0,8.9,,0.1
2018-01-30,-5.3,-11.4,-0.8,2.9,1.3,3.8,62.0,5.6,3.5,5.8
2018-01-31,-2.6,-5.2,0.0,0.0,1.6,3.4,54.5,1.8,3.5,7.4
2018-02-01,-4.0,-8.8,1.2,,1.6,3.9,44.1,9.1,1.6,0.0
2018-02-02,-2.4,-7.6,3.8,,1.6,3.6,51.1,8.8,,1.9
2018-02-03,-7.3,-10.4,-2.1,0.5,3.8,5.7,47.0,9.1,0.3,1.3
2018-02-04,-9.5,-12.8,-5.2,,3.1,5.6,40.9,9.1,,0.0
2018-02-05,-9.4,-11.8,-5.1,,3.0,5.6,37.8,9.3,,0.1
2018-02-06,-10.1,-12.8,-5.8,,3.1,4.9,36.5,9.0,,1.1
2018-02-07,-8.0,-13.4,-1.6,,1.5,3.3,39.8,9.2,,1.0
2018-02-08,-4.4,-9.7,2.0,,1.2,3.0,43.3,9.2,,0.3
2018-02-09,0.4,-5.3,6.1,,1.1,3.0,43.9,2.2,,9.1
2018-02-10,-0.5,-6.9,3.2,,3.0,6.3,47.4,5.3,,6.5
2018-02-11,-6.1,-9.5,-2.2,0.0,2.7,5.1,42.5,6.6,,3.5
2018-02-12,-5.8,-9.6,-1.8,0.0,2.7,5.2,40.8,8.7,,4.1
2018-02-13,-0.8,-7.4,4.3,,2.7,5.6,54.5,8.3,,3.1
2018-02-14,3.5,-0.7,8.7,,2.6,5.4,51.0,3.3,,7.4
2018-02-15,-0.7,-3.7,4.0,,2.5,4.4,28.0,,,3.8
2018-02-16,-1.1,-5.5,4.9,,2.1,5.5,40.1,9.7,,3.3
2018-02-17,-3.0,-7.1,1.4,,2.9,5.5,25.6,9.0,,1.9
2018-02-18,-0.4,-4.9,5.2,,1.3,3.5,26.9,7.2,,7.4
2018-02-19,1.8,-1.9,6.8,,1.5,3.0,48.6,4.8,,6.1
2018-02-20,0.9,-2.4,5.5,,2.5,5.8,41.0,8.3,,5.0
2018-02-21,-0.9,-4.5,4.4,,2.3,5.2,31.5,9.8,,1.6
2018-02-22,1.3,-3.9,5.4,0.4,2.2,5.2,59.0,6.4,0.4,5.8
2018-02-23,4.2,-0.3,8.6,3.7,1.9,5.0,81.1,4.8,4.1,7.0
2018-02-24,2.4,-1.1,7.2,,2.1,3.9,49.4,7.6,,6.1
2018-02-25,1.9,-1.6,7.9,,1.7,3.8,40.6,9.2,,2.4
2018-02-26,3.1,-3.2,10.4,,1.4,3.6,43.1,10.2,,1.3
2018-02-27,4.2,0.6,6.9,,0.9,1.8,48.8,0.0,,8.5
2018-02-28,4.6,1.8,7.8,25.0,2.0,3.7,73.3,0.0,,10.0
2018-03-01,-0.2,-4.3,3.0,0.5,3.8,6.9,61.9,8.7,,4.4
2018-03-02,-0.7,-6.7,5.4,,1.5,3.3,34.0,10.3,,2.4
2018-03-03,7.9,-0.1,16.2,0.0,1.5,3.9,38.1,10.1,,4.1
2018-03-04,9.8,7.6,11.9,11.5,1.2,3.5,89.1,0.0,,10.0
2018-03-05,5.5,1.3,11.4,3.5,2.0,3.5,67.5,7.0,,5.4
2018-03-06,4.5,-1.1,10.9,,1.6,3.7,46.8,10.6,,2.1
2018-03-07,6.4,2.2,10.7,0.5,1.8,3.2,54.0,3.0,,8.6
2018-03-08,4.6,2.7,9.7,4.0,1.9,4.5,76.0,5.1,,8.1
2018-03-09,4.5,1.4,9.6,,1.5,4.2,63.3,5.1,,5.9
2018-03-10,4.6,0.7,9.7,,2.0,5.9,65.8,7.9,,4.6
2018-03-11,6.4,2.7,12.2,,2.0,4.2,51.3,9.8,,2.8
2018-03-12,8.0,2.2,15.5,,1.4,4.2,45.8,7.5,,3.3
2018-03-13,12.4,5.2,18.8,,1.8,4.3,60.5,6.6,,5.9
2018-03-14,17.0,13.6,22.1,,2.3,5.0,58.8,7.9,,6.0
2018-03-15,12.4,8.4,16.6,27.0,2.1,4.8,92.1,0.0,,9.8
2018-03-16,7.1,3.6,12.2,,1.9,3.1,46.9,11.0,,1.4
2018-03-17,6.6,0.5,14.0,,1.5,3.8,48.0,9.1,,4.4
2018-03-18,8.2,5.4,12.5,0.5,1.2,2.9,55.9,0.0,,9.8
2018-03-19,8.0,6.2,10.4,1.0,2.5,4.2,64.5,0.0,,9.5
2018-03-20,4.7,1.6,9.1,,3.4,4.8,39.9,5.4,,6.9
2018-03-21,2.1,1.1,5.3,1.0,1.7,3.3,64.1,0.4,,9.9
2018-03-22,4.9,0.6,11.6,,2.2,5.0,61.5,10.7,,1.5
2018-03-23,6.1,1.8,12.5,,2.0,4.2,55.3,8.7,,4.6
2018-03-24,7.6,4.0,13.1,,2.1,4.4,61.9,7.2,,6.3
2018-03-25,9.6,4.6,16.9,,1.7,3.5,65.6,9.5,,3.4
2018-03-26,11.0,5.3,18.1,,1.9,4.4,64.5,9.1,,3.6
2018-03-27,13.3,7.7,20.0,,1.6,3.9,61.1,7.9,,2.6
2018-03-28,14.0,9.4,19.0,,2.2,4.8,66.4,5.2,,4.3
2018-03-29,15.4,11.8,21.1,,1.6,4.0,66.3,7.5,,4.9
2018-03-30,14.8,9.8,21.9,,1.7,3.8,55.6,9.9,,0.5
2018-03-31,14.0,9.3,20.1,,1.9,4.5,52.9,7.9,,4.4
2018-04-01,15.6,11.7,18.5,,1.5,3.5,68.8,1.3,,9.1
2018-04-02,18.4,14.9,23.7,,1.9,4.5,64.0,5.6,,6.1
2018-04-03,17.8,14.9,21.2,0.1,2.1,4.4,72.9,0.8,,9.1
2018-04-04,13.4,9.5,18.2,18.5,1.9,5.1,67.0,8.0,,6.1
2018-04-05,7.6,6.7,9.5,10.5,2.0,3.5,90.6,0.0,,9.9
2018-04-06,5.8,3.0,8.6,6.5,3.1,5.7,71.6,4.0,,8.9
2018-04-07,4.2,1.4,8.6,0.2,4.1,6.0,45.5,9.0,,5.1
2018-04-08,3.9,0.6,7.9,3.0,1.8,3.6,59.6,3.3,,6.1
2018-04-09,7.9,0.1,15.4,,1.1,2.9,57.9,9.5,,2.6
2018-04-10,15.1,6.9,21.9,5.0,3.5,8.8,51.0,6.3,,6.3
2018-04-11,12.6,8.7,17.3,,3.0,6.1,49.4,11.8,,2.6
2018-04-12,13.3,6.8,19.6,,2.6,6.2,30.5,12.0,,1.3
2018-04-13,14.6,8.3,19.3,,1.3,3.7,22.9,2.7,,8.9
2018-04-14,9.0,7.5,14.8,9.0,1.8,4.1,78.8,0.3,,8.9
2018-04-15,9.5,5.6,14.2,,2.4,4.9,65.5,8.6,,3.1
2018-04-16,11.6,4.9,18.8,,1.6,4.7,41.9,12.3,,1.0
2018-04-17,12.9,6.8,20.1,,1.9,5.5,37.9,12.2,,0.9
2018-04-18,12.4,6.2,19.3,,1.9,3.9,35.4,12.0,,0.4
2018-04-19,14.0,7.4,20.5,,1.9,5.1,38.8,11.4,,0.0
2018-04-20,18.4,11.0,26.3,,1.3,3.6,46.0,11.3,,0.5
2018-04-21,18.7,12.3,25.6,,1.9,4.6,32.0,12.4,,3.4
2018-04-22,15.5,10.7,21.0,15.5,1.1,2.9,57.4,0.0,,9.5
2018-04-23,9.3,8.4,10.7,59.0,2.2,3.0,93.9,0.0,,10.0
2018-04-24,12.1,8.9,16.1,3.0,1.4,2.8,63.3,0.0,,8.0
2018-04-25,14.6,5.7,23.3,,1.5,4.4,37.8,12.4,,0.8
2018-04-26,14.9,10.0,22.1,,2.1,5.1,51.9,11.7,,3.9
2018-04-27,15.7,9.7,23.3,,1.7,3.8,52.9,11.3,,0.1
2018-04-28,15.4,10.5,21.7,,2.0,4.8,49.0,12.4,,0.0
2018-04-29,16.2,9.4,22.9,,1.9,4.3,43.1,11.6,,2.4
2018-04-30,19.2,14.1,25.0,,1.6,3.6,61.6,9.2,,5.5
2018-05-01,20.4,17.8,23.3,0.0,1.5,4.0,72.8,3.2,,8.5
2018-05-02,15.1,8.7,19.7,12.0,1.9,5.2,90.4,0.0,,9.9
2018-05-03,11.2,6.9,14.7,1.0,2.7,5.3,62.4,8.2,,3.6
2018-05-04,14.1,8.8,20.0,,2.7,5.9,45.5,12.4,,1.4
2018-05-05,18.3,11.6,24.6,,2.6,4.8,46.8,11.0,,6.0
2018-05-06,16.6,15.0,20.7,22.0,1.1,3.9,86.4,3.2,,9.3
2018-05-07,19.2,14.0,25.5,,1.2,3.7,60.3,7.1,,6.0
2018-05-08,17.5,11.6,22.9,,1.7,2.7,50.9,11.3,,3.0
2018-05-09,15.7,9.2,21.8,,1.7,3.6,50.4,12.6,,0.1
2018-05-10,15.4,11.3,21.4,,2.3,5.4,67.4,12.3,,3.1
2018-05-11,16.1,11.9,21.3,,1.8,3.5,59.8,5.3,,9.5
2018-05-12,14.2,11.8,16.1,32.0,0.9,2.9,89.3,0.0,,10.0
2018-05-13,15.8,12.7,20.0,0.5,1.9,3.9,82.5,6.9,,5.3
2018-05-14,18.2,11.9,24.5,,1.4,3.4,71.4,7.2,,6.6
2018-05-15,23.2,15.4,29.3,0.0,1.1,3.4,56.4,8.9,,8.5
2018-05-16,22.3,21.8,24.4,45.0,1.9,6.1,93.8,0.0,,10.0
2018-05-17,20.9,18.8,23.5,83.0,1.4,8.0,97.0,0.0,,10.0
2018-05-18,16.3,12.2,19.3,6.5,1.3,2.7,86.8,0.4,,8.3
2018-05-19,17.6,10.3,24.7,,1.5,2.9,47.5,12.7,,0.0
2018-05-20,17.0,11.5,22.6,,1.4,2.8,32.1,4.2,,4.6
2018-05-21,17.8,11.3,23.7,,1.4,3.5,43.9,8.8,,3.9
2018-05-22,18.1,15.4,23.2,12.5,1.1,3.1,75.5,2.7,,9.0
2018-05-23,17.3,13.6,23.3,6.5,2.5,5.0,57.1,12.7,,1.4
2018-05-24,18.3,11.2,23.7,,2.2,5.4,47.4,12.5,,0.5
2018-05-25,19.7,13.8,26.2,,1.8,4.5,47.4,12.1,,3.4
2018-05-26,21.8,14.0,29.6,,1.4,4.0,50.1,12.6,,1.0
2018-05-27,20.3,17.3,24.7,,1.7,4.1,47.4,4.7,,7.3
2018-05-28,22.3,16.2,29.1,,1.6,4.3,49.8,12.5,,3.8
2018-05-29,21.4,19.1,25.9,1.0,1.8,4.4,69.3,3.4,,9.4
2018-05-30,20.2,15.8,24.7,0.0,1.9,4.4,69.8,9.8,,4.6
2018-05-31,20.9,14.2,27.6,,1.9,3.6,58.9,12.9,,0.9
2018-06-01,23.8,17.5,30.2,,1.9,4.3,50.4,12.9,,0.0
2018-06-02,23.4,17.6,30.1,,2.0,4.5,44.5,12.8,,1.4
2018-06-03,24.0,16.9,30.8,,1.6,4.2,39.4,12.9,,4.0
2018-06-04,22.6,18.9,27.5,,1.9,4.4,50.1,9.2,,7.9
2018-06-05,23.7,17.7,29.2,,1.7,4.0,52.5,11.4,,1.4
2018-06-06,23.0,18.4,27.9,,2.0,4.0,62.9,12.7,,1.0
2018-06-07,22.2,17.8,29.4,,2.0,4.1,69.3,9.4,,4.5
2018-06-08,21.9,18.5,27.0,,2.1,3.7,68.0,7.1,,5.5
2018-06-09,23.7,18.9,30.1,0.5,1.4,3.5,60.6,7.9,,6.6
2018-06-10,21.3,18.3,24.9,0.5,1.4,2.9,59.9,1.4,,9.5
2018-06-11,20.2,18.0,23.9,5.0,1.4,4.3,67.3,3.3,,8.5
2018-06-12,21.3,16.6,27.1,0.0,1.7,4.7,65.5,12.1,,4.5
2018-06-13,22.0,18.3,27.0,0.0,1.5,5.1,64.0,4.9,,7.4
2018-06-14,21.6,18.8,25.1,29.0,1.1,3.7,74.9,1.4,,9.5
2018-06-15,21.7,17.2,27.0,16.5,1.4,2.7,60.8,9.8,,6.1
2018-06-16,22.5,16.3,28.7,,1.4,2.8,56.4,13.0,,0.8
2018-06-17,22.8,18.9,27.5,,1.3,3.9,66.9,2.4,,7.8
2018-06-18,24.8,19.9,30.8,,1.5,4.0,54.9,12.6,,3.6
2018-06-19,22.4,19.1,27.2,,1.8,3.6,61.3,3.1,,8.1
2018-06-20,22.7,19.1,28.4,,2.3,4.2,68.1,10.2,,5.4
2018-06-21,23.7,19.4,28.7,,2.2,4.4,60.1,12.6,,3.0
2018-06-22,25.0,18.2,32.0,,1.8,4.3,45.1,12.4,,5.1
2018-06-23,24.5,20.9,28.9,,2.0,4.4,50.6,8.5,,8.0
2018-06-24,25.2,20.1,32.1,,1.9,3.7,62.8,11.1,,4.0
2018-06-25,27.1,21.3,32.9,,1.2,3.2,57.1,7.8,,7.9
2018-06-26,22.3,20.2,26.9,71.5,2.4,5.7,88.3,0.0,,10.0
2018-06-27,22.3,19.1,25.5,1.0,2.0,4.5,81.9,2.9,,8.8
2018-06-28,23.3,20.6,27.3,26.5,1.1,4.3,85.1,1.9,,9.5
2018-06-29,24.7,21.9,29.1,6.5,1.5,3.2,78.5,8.4,,7.3
2018-06-30,24.4,21.6,27.9,14.5,0.9,5.1,83.8,0.5,,9.1
2018-07-01,21.9,21.0,22.8,83.5,0.8,2.3,94.6,0.0,,9.9
2018-07-02,22.6,20.6,25.3,59.5,0.7,2.9,95.4,0.1,,9.6
2018-07-03,27.4,22.5,32.6,0.1,0.8,2.6,74.4,10.1,,6.0
2018-07-04,27.3,24.0,31.8,,1.7,3.9,69.6,8.4,,7.1
2018-07-05,25.3,23.4,29.0,0.5,1.2,3.0,72.8,1.7,,8.6
2018-07-06,23.9,21.5,27.1,,1.8,3.4,57.8,2.6,,8.5
2018-07-07,23.7,19.5,29.2,,1.6,2.3,51.4,,,3.6
2018-07-08,23.3,17.7,28.1,,1.5,2.8,51.5,9.5,,7.0
2018-07-09,20.8,20.1,24.2,14.0,1.1,1.8,82.3,0.0,,9.9
2018-07-10,23.7,20.4,26.5,16.5,0.7,1.6,87.8,0.0,,9.8
2018-07-11,26.8,24.4,29.5,3.0,1.3,3.9,82.9,0.1,,9.6
2018-07-12,26.6,25.1,28.2,1.0,1.5,3.6,82.4,1.1,,7.5
2018-07-13,27.3,24.7,30.9,,1.8,3.4,74.8,7.0,,6.4
2018-07-14,27.9,24.6,31.9,0.0,1.9,4.2,69.6,11.3,,5.0
2018-07-15,28.3,24.5,33.2,,1.6,3.7,69.6,11.0,,2.6
2018-07-16,28.7,24.0,34.0,,1.7,3.6,64.3,12.9,,0.4
2018-07-17,28.1,23.9,32.1,,1.7,4.1,66.5,13.0,,1.3
2018-07-18,28.2,23.7,33.2,,1.6,4.1,64.8,13.0,,0.8
2018-07-19,28.7,23.2,34.1,,1.6,3.2,64.1,12.9,,0.1
2018-07-20,29.5,24.6,34.7,,1.5,3.3,62.6,12.9,,0.4
2018-07-21,30.6,24.9,36.9,,1.5,3.6,53.6,12.9,,0.3
2018-07-22,31.8,25.3,38.0,,1.4,3.7,49.6,12.2,,3.5
2018-07-23,31.7,29.2,35.7,,1.8,4.0,53.8,8.0,,7.9
2018-07-24,31.4,27.2,36.8,,1.6,4.0,59.5,10.2,,4.4
2018-07-25,30.1,27.7,34.1,,2.4,3.8,66.3,5.2,,6.3
2018-07-26,30.1,27.3,33.7,,1.5,3.4,68.8,4.4,,5.8
2018-07-27,30.9,27.2,35.4,,1.9,3.7,69.3,9.3,,2.3
2018-07-28,29.5,28.0,35.2,7.5,1.2,3.6,77.1,3.4,,5.5
2018-07-29,31.3,26.4,36.7,,1.2,2.9,52.4,12.3,,2.4
2018-07-30,31.7,26.2,36.9,,1.2,2.4,50.9,11.0,,3.1
2018-07-31,32.6,27.8,38.3,,1.5,3.6,50.5,12.0,,2.8
2018-08-01,33.6,27.8,39.6,,1.7,4.0,55.5,12.6,,0.8
2018-08-02,33.7,30.3,37.9,,1.6,3.2,54.4,9.8,,4.0
2018-08-03,33.1,30.0,37.9,,1.9,4.2,55.3,10.5,,1.0
2018-08-04,31.1,28.0,34.9,,2.4,4.6,60.6,12.1,,3.4
2018-08-05,30.0,27.2,33.9,2.0,2.6,4.9,71.8,10.1,,6.5
2018-08-06,30.5,28.3,35.3,6.5,1.6,4.4,71.6,7.3,,7.6
2018-08-07,30.5,26.8,35.9,,1.5,3.7,63.4,8.5,,3.6
2018-08-08,31.0,27.6,35.3,,2.1,4.6,64.8,10.8,,3.0
2018-08-09,28.8,27.1,32.5,2.0,1.5,4.2,76.3,2.6,,7.3
2018-08-10,30.7,25.7,36.8,,1.4,3.6,60.9,11.4,,3.5
2018-08-11,31.0,26.4,36.0,,1.5,3.3,55.8,11.5,,2.9
2018-08-12,30.6,27.2,35.3,5.0,1.5,3.7,61.3,8.4,,6.5
2018-08-13,30.5,26.7,34.4,1.0,1.4,3.2,68.6,6.3,,7.3
2018-08-14,31.7,27.7,37.2,,1.3,4.0,58.3,9.5,,6.9
2018-08-15,31.7,28.3,38.0,1.0,1.2,5.8,59.5,9.5,,6.4
2018-08-16,29.9,24.1,35.6,,1.7,3.0,51.0,11.0,,3.3
2018-08-17,27.2,21.7,33.8,,1.8,3.5,39.8,12.4,,0.0
2018-08-18,26.7,21.5,32.1,,1.4,3.8,44.6,10.9,,5.0
2018-08-19,28.2,23.0,34.4,,1.2,3.3,50.6,7.9,,7.9
2018-08-20,29.1,25.1,33.3,0.0,2.0,5.1,55.6,6.0,,8.4
2018-08-21,26.6,23.4,31.0,5.0,2.5,7.1,71.4,6.8,,6.3
2018-08-22,30.7,23.4,37.6,,1.1,3.2,54.1,10.5,,4.5
2018-08-23,29.4,25.7,32.2,3.0,1.7,2.8,59.1,1.7,,9.5
2018-08-24,24.4,23.2,26.3,7.5,2.5,4.2,86.3,0.0,,9.6
2018-08-25,25.2,22.7,29.3,,2.6,5.3,68.0,7.2,,7.0
2018-08-26,23.2,20.3,29.0,2.0,1.2,3.8,70.0,5.1,,6.4
2018-08-27,22.7,20.2,24.9,19.5,0.8,2.1,91.0,0.0,,8.9
2018-08-28,23.7,22.5,26.1,96.5,0.9,3.7,92.4,0.0,,9.0
2018-08-29,25.2,22.7,27.4,42.0,2.4,4.5,86.0,0.1,,10.0
2018-08-30,25.3,23.9,28.2,9.5,1.8,3.7,80.9,1.9,,9.4
2018-08-31,25.6,22.8,30.3,0.1,1.6,3.7,67.4,10.1,,4.5
2018-09-01,25.5,20.8,30.9,,1.3,2.3,59.4,10.6,,1.5
2018-09-02,25.1,20.1,29.6,,1.5,2.8,55.8,9.2,,5.5
2018-09-03,23.3,21.4,25.8,34.5,1.0,5.5,85.3,0.0,,9.8
2018-09-04,23.2,20.0,27.8,,2.2,5.2,69.4,11.0,,5.1
2018-09-05,24.0,19.6,28.5,,2.5,5.7,63.5,11.8,,1.9
2018-09-06,24.1,20.9,28.2,1.0,2.0,5.0,69.9,2.2,,7.9
2018-09-07,22.0,19.1,25.5,0.5,2.5,4.3,54.6,10.9,,4.9
2018-09-08,21.7,15.9,27.7,,1.7,3.9,48.8,11.7,,0.3
2018-09-09,22.2,15.6,28.9,,1.2,2.8,49.0,9.9,,1.4
2018-09-10,22.9,18.6,28.4,,1.6,2.7,49.5,10.3,,2.4
2018-09-11,21.6,16.8,26.1,,1.5,2.4,48.1,8.4,,7.5
2018-09-12,22.8,16.8,28.2,,1.4,3.2,52.0,11.3,,4.1
2018-09-13,23.5,20.3,28.3,,1.2,2.4,63.5,5.0,,7.9
2018-09-14,23.5,20.3,26.8,0.5,1.3,2.6,66.9,1.6,,8.3
2018-09-15,23.3,21.0,26.0,0.2,1.0,2.4,76.0,0.8,,9.8
2018-09-16,22.2,21.0,23.9,2.0,1.7,3.7,83.6,0.0,,10.0
2018-09-17,22.3,18.5,27.7,0.1,1.9,3.8,64.3,10.8,,5.3
2018-09-18,22.0,17.7,26.5,,1.2,3.4,59.8,7.9,,8.3
2018-09-19,22.1,18.9,26.6,0.2,1.0,2.9,59.1,2.1,,9.5
2018-09-20,19.0,17.8,20.1,5.0,1.8,2.9,82.4,0.0,,10.0
2018-09-21,19.4,17.6,21.9,18.0,1.3,2.3,85.8,0.6,,9.3
2018-09-22,20.8,17.2,25.5,6.5,1.8,5.3,62.3,10.8,,2.1
2018-09-23,19.4,15.6,25.3,0.0,1.6,4.3,52.9,7.4,,4.4
2018-09-24,17.6,14.2,22.1,,2.1,4.4,48.3,11.0,,1.1
2018-09-25,17.8,10.8,24.3,,1.1,2.2,48.0,10.0,,2.1
2018-09-26,19.4,16.2,24.8,,1.7,2.7,47.9,8.4,,5.0
2018-09-27,18.9,13.2,25.0,,1.3,2.4,47.6,10.3,,0.9
2018-09-28,17.5,14.3,22.2,,1.2,2.1,58.1,3.5,,6.1
2018-09-29,20.2,14.6,27.0,,1.0,2.4,55.5,10.8,,0.4
2018-09-30,17.6,14.0,21.6,,2.3,5.5,52.5,10.4,,0.6
2018-10-01,15.4,13.0,19.7,0.0,2.9,6.1,55.1,7.9,,4.5
2018-10-02,15.9,10.3,22.0,,1.6,4.1,61.4,10.8,,0.5
2018-10-03,17.3,11.2,24.2,,1.3,4.0,58.0,10.6,,0.0
2018-10-04,19.3,13.0,25.6,,1.3,2.4,56.5,8.9,,6.5
2018-10-05,16.9,15.7,19.0,36.5,1.7,3.2,84.1,0.0,,9.8
2018-10-06,18.0,16.3,21.7,55.5,2.2,5.3,84.0,3.0,,7.5
2018-10-07,16.4,12.3,21.1,,1.7,3.6,53.5,10.5,,2.9
2018-10-08,14.8,9.2,20.9,,1.1,2.7,47.0,10.5,,4.4
2018-10-09,15.3,10.7,19.8,0.0,1.1,2.7,52.5,2.3,,9.0
2018-10-10,12.0,7.9,16.7,7.0,2.5,4.7,61.0,6.5,,6.8
2018-10-11,9.7,6.1,13.9,,2.1,5.6,51.0,9.3,,1.4
2018-10-12,10.9,5.2,17.4,,1.3,3.2,54.0,10.1,,0.0
2018-10-13,12.5,6.1,19.8,,1.0,2.9,54.0,10.0,,0.0
2018-10-14,13.2,6.8,20.3,,1.5,3.1,60.0,9.9,,3.4
2018-10-15,15.2,10.9,21.0,,1.4,3.5,69.9,6.8,,4.0
2018-10-16,14.5,9.9,20.3,,1.3,3.0,55.9,8.2,,5.6
2018-10-17,12.4,8.4,18.6,,1.3,3.6,53.3,10.0,,0.0
2018-10-18,12.7,7.5,19.0,,1.1,2.7,59.5,8.1,,3.1
2018-10-19,13.1,7.2,20.4,,1.4,3.8,54.3,9.9,,0.0
2018-10-20,13.4,6.9,21.4,,1.2,3.0,53.9,9.7,,1.1
2018-10-21,13.4,7.2,21.1,,1.1,2.9,49.5,9.6,,2.4
2018-10-22,14.0,8.8,20.6,,1.0,2.6,50.0,7.6,,5.3
2018-10-23,12.2,9.8,16.9,5.0,1.1,5.0,75.1,5.3,,5.4
2018-10-24,12.5,7.6,18.7,,1.3,3.4,66.0,9.6,,0.5
2018-10-25,13.8,7.0,21.2,,0.9,1.6,55.5,8.7,,4.0
2018-10-26,12.2,9.9,14.7,11.0,1.6,5.4,74.1,2.4,,7.5
2018-10-27,8.7,6.2,11.6,,3.2,5.8,49.6,8.0,,1.6
2018-10-28,8.3,5.2,13.5,5.5,1.5,5.9,77.1,2.8,,7.3
2018-10-29,7.2,3.4,11.7,0.0,2.0,5.3,57.3,6.5,,5.9
2018-10-30,6.1,0.7,11.6,0.0,1.6,3.5,51.3,9.1,,3.3
2018-10-31,7.4,3.0,12.6,0.0,1.6,4.1,55.4,9.3,,0.8
2018-11-01,8.4,2.5,15.2,,1.3,3.6,53.4,9.2,,0.0
2018-11-02,10.6,4.0,19.0,,1.1,2.5,54.9,9.2,,0.0
2018-11-03,11.2,5.0,19.1,,1.3,4.0,56.0,9.1,,0.0
2018-11-04,11.6,5.3,19.4,,1.3,3.4,55.0,9.0,,2.1
2018-11-05,11.9,6.6,18.3,,1.1,2.3,65.5,7.9,,5.3
2018-11-06,12.2,8.0,17.5,,0.9,2.6,70.5,4.1,,6.9
2018-11-07,12.8,10.3,15.7,2.0,1.1,2.8,79.5,0.5,,9.9
2018-11-08,11.8,10.5,14.7,64.0,1.8,5.0,93.8,0.0,,10.0
2018-11-09,12.1,9.5,15.4,1.0,3.1,5.6,69.0,6.5,,7.9
2018-11-10,11.9,8.8,17.1,0.0,1.4,3.3,69.1,8.1,,3.1
2018-11-11,8.1,5.4,10.9,0.0,1.1,3.7,67.6,1.4,,6.4
2018-11-12,8.1,3.1,15.1,,1.2,3.3,52.3,8.9,,0.0
2018-11-13,8.8,4.1,15.4,,1.1,3.0,51.6,8.8,,0.4
2018-11-14,9.8,4.8,16.6,,1.1,3.1,55.5,8.7,,0.1
2018-11-15,9.7,4.7,16.2,,1.0,2.4,55.4,7.8,,4.8
2018-11-16,8.8,4.2,14.5,,1.7,4.0,65.1,5.2,,6.5
2018-11-17,4.9,0.6,11.4,,1.4,3.7,50.8,5.2,,4.6
2018-11-18,6.1,1.9,10.7,,1.1,3.1,48.8,2.4,,6.9
2018-11-19,6.5,3.3,11.3,,1.4,4.4,50.4,5.8,,1.9
2018-11-20,6.5,0.0,12.7,0.2,1.8,4.2,39.9,8.8,,2.0
2018-11-21,5.8,3.1,8.2,1.0,1.2,4.5,57.1,0.0,,8.4
2018-11-22,2.3,-1.3,7.1,,2.4,5.6,35.0,8.6,,0.8
2018-11-23,1.9,-3.1,7.6,,1.4,3.7,29.6,8.6,,3.1
2018-11-24,2.6,0.3,3.8,10.9,1.8,3.3,71.1,1.6,8.8,9.0
2018-11-25,4.8,1.3,9.8,,1.0,1.9,77.8,6.9,3.0,3.8
2018-11-26,6.3,1.6,13.6,,1.0,1.9,70.1,8.6,0.3,0.6
2018-11-27,7.1,3.1,12.5,,1.5,3.7,65.0,1.1,,6.1
2018-11-28,5.0,2.1,11.1,,1.6,3.7,27.1,6.8,,3.8
2018-11-29,3.5,0.6,6.7,0.0,1.3,3.3,41.4,0.2,,5.8
2018-11-30,2.7,-1.5,8.0,,1.4,3.3,46.1,8.6,,1.0
2018-12-01,5.5,0.8,12.4,,1.0,2.5,42.3,7.8,,3.6
2018-12-02,8.2,2.8,11.8,,1.3,2.2,50.1,2.7,,6.5
2018-12-03,11.5,9.3,13.5,9.5,1.4,3.2,87.4,0.0,,9.9
2018-12-04,6.7,-0.3,11.8,5.0,2.7,5.6,74.9,2.1,,7.8
2018-12-05,0.0,-4.3,3.4,,1.5,4.0,39.5,3.1,,6.4
2018-12-06,2.4,-1.0,6.8,0.0,2.3,5.7,50.5,6.2,,8.1
2018-12-07,-7.3,-9.6,-1.1,,3.8,5.9,37.1,8.7,,1.1
2018-12-08,-8.3,-11.4,-4.4,,2.6,5.5,37.1,8.7,,1.4
2018-12-09,-7.2,-11.8,-2.1,,1.5,3.4,27.0,7.8,,2.0
2018-12-10,-2.5,-8.1,4.6,,0.9,2.9,33.3,8.0,,3.0
2018-12-11,0.2,-2.4,2.9,,1.2,3.9,44.8,0.1,,7.9
2018-12-12,-1.9,-5.0,2.4,,2.2,4.0,39.0,8.7,,0.0
2018-12-13,-2.2,-5.9,2.1,1.3,2.0,5.8,57.4,4.8,1.7,5.0
2018-12-14,-4.4,-7.8,0.6,,1.7,3.5,44.3,8.7,,0.0
2018-12-15,-2.4,-7.8,3.2,,1.0,2.1,46.8,8.0,,3.6
2018-12-16,0.0,-2.6,2.1,0.3,0.9,1.7,63.8,1.1,0.4,9.3
2018-12-17,1.6,-1.5,5.9,0.3,1.8,4.3,60.1,8.3,,1.3
2018-12-18,2.6,-2.8,7.4,,1.4,4.1,56.3,7.2,,3.0
2018-12-19,4.0,1.3,9.5,,1.4,3.3,53.4,7.8,,2.9
2018-12-20,3.4,-1.1,10.4,,0.9,2.4,45.5,7.5,,3.1
2018-12-21,5.6,0.4,9.8,,1.1,2.6,40.1,3.2,,8.5
2018-12-22,6.9,2.9,12.4,,1.5,3.6,48.9,7.8,,4.3
2018-12-23,2.4,-3.4,7.5,,2.9,5.7,43.0,8.3,,2.6
2018-12-24,-2.3,-5.9,3.1,,1.6,3.6,35.9,8.8,,0.3
2018-12-25,0.6,-4.0,5.2,,1.2,2.7,53.4,3.1,,7.4
2018-12-26,-1.5,-7.1,3.0,,2.8,4.5,40.8,8.3,,4.4
2018-12-27,-10.1,-12.5,-6.5,,3.5,5.8,28.3,8.7,,0.5
2018-12-28,-10.5,-14.4,-6.6,,2.5,4.4,33.0,8.7,,0.6
2018-12-29,-7.6,-10.5,-3.0,,2.9,5.5,29.0,8.7,,0.0
2018-12-30,-6.8,-11.3,-0.9,,1.2,3.1,35.9,8.7,,0.8
2018-12-31,-5.4,-10.5,-0.5,,1.2,3.4,39.6,8.3,,1.6
2019-01-01,-5.0,-8.2,-0.6,,2.1,4.3,49.5,7.5,,3.4
2019-01-02,-4.9,-8.8,0.2,,1.7,3.6,42.8,8.7,,0.0
2019-01-03,-3.5,-8.4,3.2,,1.4,2.9,38.8,8.7,,0.1
2019-01-04,-1.1,-6.2,4.1,,1.2,3.0,55.5,3.9,,5.5
2019-01-05,-2.8,-5.5,1.1,,2.2,4.3,40.3,8.6,,0.5
2019-01-06,-2.8,-6.3,2.7,,1.2,3.2,35.0,7.7,,3.1
2019-01-07,-1.9,-6.2,3.1,,1.4,4.7,46.4,7.0,,4.0
2019-01-08,-3.5,-7.2,0.5,,2.6,6.5,31.0,8.7,,0.0
2019-01-09,-4.7,-9.4,1.3,,1.3,3.5,28.8,7.4,,4.9
2019-01-10,-0.6,-4.5,3.0,,1.3,3.8,48.8,3.1,,8.1
2019-01-11,2.4,-0.4,7.2,,1.0,2.6,58.8,6.9,,6.1
2019-01-12,2.8,-0.6,8.0,,1.3,3.5,47.6,6.0,,3.9
2019-01-13,1.2,-3.0,7.6,,1.4,3.2,54.3,8.6,,0.0
2019-01-14,1.4,-2.4,5.3,,0.9,2.5,68.6,0.4,,4.5
2019-01-15,-1.7,-7.2,2.6,0.0,2.7,6.1,58.8,4.7,,3.8
2019-01-16,-5.2,-10.1,-1.1,0.0,2.3,4.3,45.9,8.6,,4.1
2019-01-17,-0.3,-3.2,4.0,0.0,1.7,5.0,45.8,8.7,,1.8
2019-01-18,0.6,-4.6,6.7,,1.3,4.5,44.0,8.5,,3.0
2019-01-19,3.6,0.0,8.5,,1.2,3.0,59.8,2.9,,7.8
2019-01-20,-1.4,-5.5,4.0,,3.2,5.5,38.5,8.8,,1.1
2019-01-21,-1.2,-6.7,4.2,0.0,1.6,4.3,57.8,1.0,,4.1
2019-01-22,1.7,-3.3,7.1,,1.7,4.4,62.0,8.5,,1.1
2019-01-23,2.0,-0.8,7.0,,2.3,5.1,48.9,8.6,,0.9
2019-01-24,0.1,-4.6,6.5,,1.7,3.5,34.9,8.8,,2.1
2019-01-25,-1.2,-3.8,2.6,,2.6,5.5,27.6,8.7,,1.3
2019-01-26,-2.5,-6.5,2.4,,2.4,4.4,30.9,8.8,,0.0
2019-01-27,-0.1,-6.6,5.1,,1.7,3.7,52.5,6.7,,4.3
2019-01-28,1.2,-2.4,4.5,0.0,3.1,6.8,40.4,8.7,,1.3
2019-01-29,-0.2,-5.6,7.0,,1.5,3.7,35.5,8.7,,2.1
2019-01-30,1.8,-2.8,6.6,,1.5,3.8,54.6,7.7,,6.9
2019-01-31,-2.0,-6.2,2.3,,2.9,4.7,29.0,3.4,,7.0
2019-02-01,-2.1,-7.4,2.8,0.3,1.7,4.9,47.6,5.7,0.2,3.0
2019-02-02,1.4,-3.2,6.1,0.0,1.0,1.8,60.0,1.6,0.2,7.5
2019-02-03,3.3,2.0,4.9,16.0,1.7,4.0,92.9,0.0,,9.3
2019-02-04,-0.6,-3.3,3.0,,2.1,4.9,40.4,8.6,,2.4
2019-02-05,2.8,-3.6,10.1,,1.0,2.9,37.1,7.8,,3.9
2019-02-06,5.1,0.1,9.3,,1.3,3.1,54.9,3.3,,8.1
2019-02-07,-2.1,-8.2,6.3,0.5,3.5,5.5,45.5,8.7,0.0,4.3
2019-02-08,-6.1,-10.2,-1.3,,2.3,4.7,31.5,8.4,,6.1
2019-02-09,-5.4,-8.6,-1.9,,2.7,4.9,30.0,9.3,,4.4
2019-02-10,-5.0,-9.1,-1.9,,1.7,3.6,31.3,2.2,,7.5
2019-02-11,-3.0,-7.5,2.0,,2.3,4.9,34.9,9.4,,0.4
2019-02-12,-0.6,-4.1,3.7,0.0,1.9,4.3,35.5,8.5,,5.6
2019-02-13,-2.1,-5.7,2.5,,2.4,5.1,26.6,9.2,,1.8
2019-02-14,-0.5,-5.9,6.3,,1.4,3.2,24.3,9.2,,5.3
2019-02-15,-0.8,-2.9,0.9,2.2,1.9,4.0,72.8,0.0,2.4,9.1
2019-02-16,-2.7,-5.1,1.5,0.2,2.6,4.6,59.0,8.8,0.7,2.4
2019-02-17,-1.8,-6.8,4.6,,1.9,4.2,47.4,9.8,,0.1
2019-02-18,0.9,-4.7,5.9,,1.3,2.8,43.5,5.6,,7.4
2019-02-19,1.4,0.2,3.0,4.6,1.4,3.9,80.8,0.6,3.3,9.4
2019-02-20,1.7,-0.1,4.5,0.0,2.1,4.1,67.8,2.2,0.4,6.5
2019-02-21,2.4,-2.6,9.0,,1.5,3.4,59.4,9.6,,0.0
2019-02-22,4.0,-1.6,10.8,,1.5,3.7,56.1,9.5,,5.4
2019-02-23,6.8,0.5,14.5,,1.1,2.9,41.0,9.1,,2.9
2019-02-24,6.3,1.2,13.7,,1.8,4.9,45.0,10.0,,1.6
2019-02-25,4.7,1.3,10.2,,2.3,4.8,55.8,8.0,,4.8
2019-02-26,5.2,-1.5,12.0,,1.6,4.9,32.8,9.5,,3.6
2019-02-27,7.8,4.7,14.0,,1.6,4.3,31.3,7.8,,7.5
2019-02-28,6.6,2.0,12.8,,2.0,4.7,39.5,8.1,,3.3
2019-03-01,6.6,1.2,13.0,,2.1,4.4,42.3,9.9,,0.3
2019-03-02,7.8,1.3,14.7,,1.1,3.3,37.6,7.5,,5.8
2019-03-03,9.4,2.5,16.1,,1.5,3.3,36.4,7.9,,4.8
2019-03-04,9.9,5.0,16.3,,1.9,4.7,46.1,9.2,,2.3
2019-03-05,8.4,5.6,12.9,,2.0,3.9,66.3,2.5,,8.6
2019-03-06,8.4,5.7,12.4,,2.0,4.3,55.0,3.0,,6.3
2019-03-07,7.0,3.1,12.7,,2.2,5.1,51.1,10.1,,1.5
2019-03-08,6.1,0.6,13.4,,1.9,4.2,39.4,10.7,,0.1
2019-03-09,7.2,-0.4,14.9,,1.3,3.0,31.8,9.7,,5.4
2019-03-10,10.1,6.7,15.3,,1.2,2.9,26.4,0.3,,7.1
2019-03-11,6.6,3.5,10.0,0.0,1.8,4.3,61.0,3.6,,4.9
2019-03-12,3.9,-0.3,7.9,0.0,2.7,6.0,55.1,1.8,,4.9
2019-03-13,3.5,-0.4,8.5,0.0,3.3,7.2,38.5,10.1,,1.8
2019-03-14,5.0,-1.7,10.0,0.0,1.9,3.8,45.3,7.0,,5.5
2019-03-15,5.5,1.6,11.3,3.5,1.6,5.4,72.8,2.8,,7.4
2019-03-16,4.3,0.2,9.2,,1.8,5.1,69.9,5.0,,5.5
2019-03-17,6.3,2.6,12.4,,2.0,4.4,55.4,9.9,,2.0
2019-03-18,7.1,1.4,14.4,,1.4,4.7,43.8,8.7,,6.3
2019-03-19,10.0,3.4,16.7,,1.4,3.3,52.0,8.3,,1.4
2019-03-20,10.3,7.1,14.6,16.5,1.4,3.9,79.0,0.0,,8.8
2019-03-21,7.1,1.9,11.1,3.3,2.9,5.5,77.4,3.9,,7.9
2019-03-22,3.3,-0.7,8.3,,2.8,5.0,40.9,11.1,,0.8
2019-03-23,3.3,-0.4,8.2,1.7,2.4,6.3,46.9,7.9,,3.0
2019-03-24,4.3,-0.8,9.7,,2.3,4.9,45.4,11.3,,0.1
2019-03-25,7.3,2.9,11.5,,2.0,5.1,56.1,1.7,,6.6
2019-03-26,11.4,7.4,17.6,,2.0,4.7,51.1,9.9,,2.6
2019-03-27,11.6,8.9,16.2,,3.0,6.4,66.4,3.4,,8.5
2019-03-28,9.4,5.6,14.6,,2.6,4.8,49.9,9.9,,6.1
2019-03-29,9.2,5.5,15.1,,2.1,4.7,33.1,10.5,,4.6
2019-03-30,5.2,3.5,8.4,1.8,2.9,6.3,72.0,3.0,,9.4
2019-03-31,4.4,2.6,8.4,0.0,3.2,5.5,46.0,3.2,,5.1
2019-04-01,5.5,0.3,11.3,,2.5,5.8,39.8,11.7,,1.3
2019-04-02,6.7,1.3,13.0,,2.2,6.1,36.9,11.7,,0.3
2019-04-03,7.6,1.9,13.6,,2.3,5.0,36.1,11.7,,0.3
2019-04-04,9.2,3.0,15.7,,2.5,5.0,43.0,11.7,,0.0
2019-04-05,11.4,7.0,17.2,0.0,2.9,5.4,41.0,9.3,,3.0
2019-04-06,9.3,5.9,12.2,0.8,1.1,2.8,39.9,0.5,,8.5
2019-04-07,12.6,5.6,20.3,,1.7,4.8,43.1,11.4,,4.4
2019-04-08,11.6,7.6,17.2,,2.5,5.2,25.6,10.9,,3.3
2019-04-09,9.2,4.7,13.9,17.4,2.4,4.4,49.1,0.8,,9.4
2019-04-10,7.1,4.7,10.2,5.6,1.8,3.1,78.4,1.1,,8.3
2019-04-11,9.5,4.3,15.7,,1.9,4.7,58.0,9.8,,4.6
2019-04-12,11.4,5.5,18.4,,2.2,5.1,48.5,11.4,,1.8
2019-04-13,11.8,6.2,17.9,,1.8,5.0,34.0,10.8,,5.6
2019-04-14,9.6,6.9,13.6,1.7,2.2,7.3,45.5,5.0,,6.0
2019-04-15,11.6,3.9,18.1,,1.8,4.7,30.9,12.1,,0.0
2019-04-16,14.9,6.8,22.6,,1.6,4.1,26.3,11.5,,4.8
2019-04-17,15.3,9.1,21.8,,1.9,4.9,37.5,12.2,,3.9
2019-04-18,12.6,10.4,16.2,0.0,2.0,5.3,74.4,1.5,,6.3
2019-04-19,13.8,9.6,19.7,,1.6,3.2,57.5,5.9,,4.8
2019-04-20,14.3,9.7,19.1,1.2,1.9,4.5,66.9,5.0,,7.1
2019-04-21,14.8,12.2,20.2,0.3,1.9,4.2,77.8,4.1,,7.9
2019-04-22,19.3,10.7,28.2,,1.4,4.2,50.6,11.1,,2.3
2019-04-23,20.4,15.3,25.5,0.0,1.3,3.8,52.0,4.2,,8.4
2019-04-24,19.5,15.8,25.9,4.1,1.6,4.5,70.4,8.0,,5.0
2019-04-25,13.2,9.4,17.2,11.3,2.0,3.6,75.9,0.0,,9.4
2019-04-26,8.4,6.2,9.9,4.9,1.5,3.5,82.1,0.0,,8.0
2019-04-27,11.6,4.1,18.2,,1.7,3.6,52.6,10.3,,4.8
2019-04-28,12.9,9.9,16.6,0.0,1.6,3.7,48.8,3.4,,8.1
2019-04-29,13.0,8.3,17.3,,0.9,2.0,52.9,3.3,,5.8
2019-04-30,15.5,9.0,22.5,,1.6,4.2,52.8,11.2,,4.4
2019-05-01,16.4,11.2,22.2,,2.3,4.8,48.9,10.9,,1.9
2019-05-02,17.1,10.6,25.3,,2.3,5.1,28.5,12.7,,0.0
2019-05-03,17.9,10.1,26.1,,1.6,4.4,37.5,12.4,,0.0
2019-05-04,19.5,12.0,27.4,,1.7,4.1,40.4,10.7,,4.9
2019-05-05,19.2,13.6,26.5,,2.2,5.3,35.8,11.1,,5.1
2019-05-06,14.5,9.8,19.8,0.0,3.1,5.3,27.1,12.8,,0.3
2019-05-07,15.0,8.4,21.9,,2.3,5.0,33.4,12.9,,0.0
2019-05-08,15.6,10.1,21.3,,2.3,5.1,48.3,12.2,,6.1
2019-05-09,16.6,11.7,22.9,,2.2,4.5,43.3,12.1,,3.1
2019-05-10,17.8,10.3,26.8,,1.9,4.1,48.0,12.3,,3.5
2019-05-11,20.3,13.2,28.3,,1.8,3.9,39.0,12.7,,2.0
2019-05-12,21.6,14.7,28.9,,1.5,3.1,36.0,12.0,,4.3
2019-05-13,18.7,15.5,22.8,0.0,1.6,4.9,43.4,1.0,,8.3
2019-05-14,19.6,12.9,26.9,,1.6,4.1,44.5,13.0,,1.6
2019-05-15,20.7,14.8,28.0,,1.7,3.9,48.1,8.4,,4.5
2019-05-16,23.5,16.7,30.0,,1.5,4.1,43.8,12.5,,2.5
2019-05-17,23.6,17.6,28.3,,1.2,3.2,44.9,4.2,,7.5
2019-05-18,22.8,19.1,25.9,0.0,2.1,4.8,46.8,4.3,,8.5
2019-05-19,19.4,17.9,21.6,22.0,1.2,2.7,93.0,0.0,,10.0
2019-05-20,16.4,13.0,20.2,8.7,3.4,6.1,63.6,10.5,,4.5
2019-05-21,17.2,11.7,23.8,,2.9,5.9,52.0,13.1,,0.0
2019-05-22,19.5,12.3,26.5,,2.4,5.4,46.0,12.6,,1.4
2019-05-23,22.1,15.0,29.2,,1.7,3.5,45.0,13.2,,0.0
2019-05-24,24.2,16.2,33.4,,1.7,4.1,46.4,12.7,,1.4
2019-05-25,23.4,18.4,28.6,,1.6,4.2,45.6,7.1,,7.9
2019-05-26,24.5,18.6,31.1,,1.8,4.5,39.0,11.0,,6.0
2019-05-27,17.8,14.3,22.3,7.1,2.4,5.3,80.9,0.0,,8.6
2019-05-28,18.1,11.9,24.6,,2.6,4.9,45.9,13.0,,2.1
2019-05-29,20.3,13.3,26.5,,2.0,4.9,48.4,13.3,,0.4
2019-05-30,19.6,14.6,24.5,0.0,2.4,5.4,48.0,7.0,,7.9
2019-05-31,19.1,16.1,23.3,,2.8,5.4,49.6,12.3,,2.3
2019-06-01,18.9,14.8,23.7,,1.9,4.2,60.5,9.4,,5.5
2019-06-02,21.1,14.1,27.8,,1.7,4.6,42.1,13.0,,0.6
2019-06-03,23.1,16.0,29.5,,1.8,5.0,42.9,12.3,,0.6
2019-06-04,22.6,17.6,29.0,,2.2,4.4,56.4,12.8,,3.0
2019-06-05,23.0,17.8,29.6,,1.8,4.3,63.8,8.9,,5.4
2019-06-06,21.2,18.6,25.1,7.5,1.2,4.1,75.9,0.0,,9.1
2019-06-07,20.0,17.0,24.7,35.3,1.9,3.5,77.3,3.7,,7.4
2019-06-08,21.9,16.0,27.6,,1.4,4.0,57.5,9.3,,5.9
2019-06-09,21.6,17.1,26.5,2.5,1.8,4.0,66.1,4.2,,8.9
2019-06-10,18.4,15.7,21.9,9.5,1.6,2.4,70.3,0.6,,8.0
2019-06-11,20.5,15.5,26.1,,1.4,3.0,51.1,10.7,,3.5
2019-06-12,21.5,16.1,26.4,,1.8,4.6,57.1,13.0,,1.1
2019-06-13,23.0,16.6,28.8,,1.7,4.0,51.9,12.3,,3.1
2019-06-14,23.0,19.1,28.4,,1.8,4.2,54.8,6.1,,6.1
2019-06-15,21.9,17.9,27.4,2.1,2.4,5.3,61.5,12.2,,3.1
2019-06-16,22.0,16.1,27.2,,1.6,4.7,55.4,11.1,,3.9
2019-06-17,21.7,18.1,26.2,0.0,2.3,4.1,59.1,12.7,,4.5
2019-06-18,20.8,17.0,24.8,13.8,1.5,4.0,78.6,2.0,,9.5
2019-06-19,21.4,18.9,25.4,0.2,1.9,4.1,77.8,0.9,,9.4
2019-06-20,22.7,19.8,27.8,,1.9,4.2,70.6,6.9,,8.0
2019-06-21,22.1,19.4,26.1,0.2,1.7,3.7,72.9,3.4,,7.3
2019-06-22,24.2,17.7,30.6,,1.5,2.9,42.3,13.0,,2.1
2019-06-23,25.0,19.1,31.0,,1.8,4.4,40.4,12.9,,3.0
2019-06-24,25.2,20.9,30.9,,2.0,4.1,46.9,13.6,,1.6
2019-06-25,25.6,19.5,32.8,,1.6,4.2,49.1,13.4,,1.3
2019-06-26,25.5,20.7,29.5,0.0,1.3,3.1,52.6,1.1,,9.5
2019-06-27,25.5,21.9,31.2,1.4,1.4,3.5,70.5,3.9,,8.3
2019-06-28,24.7,22.3,29.0,0.0,1.7,3.8,67.3,2.4,,8.5
2019-06-29,23.1,19.6,27.7,1.5,1.2,3.2,72.0,4.1,,8.1
2019-06-30,23.9,20.9,28.5,0.0,2.3,4.5,73.5,5.2,,6.9
2019-07-01,23.9,20.6,28.9,,2.3,5.2,64.4,10.9,,4.9
2019-07-02,24.4,20.8,30.1,,2.3,4.3,63.5,11.9,,4.0
2019-07-03,24.1,21.2,27.4,,1.7,3.8,64.6,3.3,,6.4
2019-07-04,25.4,20.0,32.8,,1.9,4.5,59.6,12.7,,2.4
2019-07-05,27.6,20.2,35.0,0.0,1.5,4.3,42.1,11.8,,3.8
2019-07-06,29.7,24.6,36.1,,1.7,3.9,40.9,11.8,,3.4
2019-07-07,26.7,22.7,32.5,,2.2,3.3,43.3,9.8,,7.5
2019-07-08,25.1,21.2,31.0,,2.0,3.3,46.6,9.3,,6.0
2019-07-09,25.0,19.7,30.0,,1.8,3.1,46.4,7.7,,4.9
2019-07-10,22.7,19.3,27.3,8.5,2.0,3.3,64.1,3.1,,8.4
2019-07-11,21.9,19.5,25.9,2.9,1.3,2.8,76.9,0.0,,9.9
2019-07-12,23.6,20.0,28.7,,2.0,4.4,65.5,7.0,,6.8
2019-07-13,24.9,22.1,29.7,0.0,1.7,3.9,67.3,4.1,,6.4
2019-07-14,25.9,21.2,31.6,,1.6,3.8,64.6,7.8,,4.5
2019-07-15,23.8,22.1,27.4,7.7,1.1,3.0,80.0,0.1,,7.5
2019-07-16,24.7,21.4,28.8,6.3,1.3,3.4,79.0,4.0,,7.3
2019-07-17,25.6,22.3,29.2,0.7,1.2,2.9,73.9,1.0,,9.0
2019-07-18,26.9,23.3,32.1,,1.2,3.2,65.0,3.2,,6.4
2019-07-19,28.6,22.8,35.0,0.0,1.5,4.6,61.3,9.8,,4.6
2019-07-20,28.0,25.1,31.9,1.1,2.1,3.6,66.9,1.2,,9.5
2019-07-21,25.1,24.2,27.0,6.2,2.2,4.4,87.1,0.6,,9.4
2019-07-22,26.7,24.2,31.0,0.1,2.2,3.6,74.6,6.1,,7.5
2019-07-23,28.1,24.4,32.9,,1.7,3.6,70.8,4.0,,8.6
2019-07-24,26.5,25.2,27.2,1.0,1.6,3.4,82.3,0.0,,9.6
2019-07-25,26.3,25.6,27.4,9.7,1.2,3.4,90.1,0.0,,9.9
2019-07-26,25.1,23.7,25.9,60.0,1.7,4.5,95.3,0.0,,9.9
2019-07-27,28.4,24.9,33.4,0.6,1.3,3.9,76.6,4.7,,7.6
2019-07-28,26.1,25.0,28.2,25.6,2.2,4.8,88.3,0.0,,9.8
2019-07-29,27.5,25.6,30.0,0.5,2.6,5.0,74.5,2.6,,8.0
2019-07-30,28.1,26.3,30.8,1.2,3.4,5.9,75.3,1.6,,8.8
2019-07-31,25.8,24.0,27.5,62.3,2.2,5.3,91.1,0.0,,9.8
2019-08-01,26.3,23.5,30.1,26.9,1.7,4.6,86.4,4.9,,7.8
2019-08-02,28.4,24.7,33.1,,1.2,3.0,74.6,8.3,,3.5
2019-08-03,29.4,25.6,36.0,3.0,1.3,4.5,69.0,10.6,,3.6
2019-08-04,28.3,25.0,34.4,8.6,1.2,3.3,75.9,8.6,,5.8
2019-08-05,30.5,25.6,35.9,,1.1,3.2,65.5,11.2,,2.5
2019-08-06,31.6,27.9,36.8,,1.5,2.8,51.4,9.9,,6.8
2019-08-07,26.9,23.9,30.3,8.0,1.2,2.8,78.1,1.9,,8.0
2019-08-08,28.9,25.9,32.7,0.0,1.6,3.6,71.4,7.5,,6.6
2019-08-09,29.8,26.0,34.6,,1.3,4.1,69.0,10.8,,4.9
2019-08-10,31.5,26.6,36.5,,1.5,3.4,57.9,11.6,,5.1
2019-08-11,30.4,26.3,35.7,6.7,2.5,4.1,53.6,9.8,,6.8
2019-08-12,26.6,24.8,28.5,56.2,1.3,2.3,91.8,0.3,,8.9
2019-08-13,29.2,25.1,35.3,6.4,1.5,4.7,76.9,7.3,,7.4
2019-08-14,30.4,25.9,35.7,,1.5,3.1,63.9,9.2,,4.0
2019-08-15,25.9,23.9,28.6,16.2,1.3,2.7,82.0,0.1,,9.1
2019-08-16,25.9,23.0,29.5,0.1,2.2,5.0,74.5,7.5,,6.3
2019-08-17,25.9,23.4,28.8,0.0,2.5,4.6,69.5,8.1,,5.0
2019-08-18,25.6,22.6,30.7,,1.7,3.2,66.5,10.7,,4.5
2019-08-19,26.3,21.2,31.3,,1.1,2.7,60.6,11.1,,4.6
2019-08-20,28.2,23.2,32.8,,1.5,3.2,56.3,10.5,,2.6
2019-08-21,27.0,24.4,30.4,1.3,1.2,3.2,67.3,3.2,,7.6
2019-08-22,26.9,23.0,31.4,,1.7,4.4,66.5,10.7,,6.3
2019-08-23,26.2,22.7,30.5,,2.1,4.4,58.4,12.0,,4.4
2019-08-24,24.1,21.5,27.3,,1.5,3.5,60.9,3.0,,5.5
2019-08-25,25.0,20.2,29.9,,1.5,4.0,66.6,9.9,,3.4
2019-08-26,26.4,21.5,32.1,,1.2,4.0,63.8,9.2,,6.4
2019-08-27,25.7,22.2,29.3,20.0,1.0,2.5,71.1,5.6,,8.1
2019-08-28,26.1,23.6,30.2,,1.9,4.3,66.2,,,5.9
2019-08-29,23.4,20.1,26.4,36.9,2.2,7.5,77.1,4.9,,5.6
2019-08-30,22.6,19.5,27.0,0.2,2.4,5.0,66.3,8.8,,5.3
2019-08-31,23.5,18.5,28.9,,1.9,4.7,65.0,12.1,,2.3
2019-09-01,23.7,19.2,27.8,,1.4,2.9,64.0,6.9,,6.1
2019-09-02,24.4,19.4,29.7,,1.6,3.5,56.6,7.4,,6.1
2019-09-03,24.1,22.0,28.0,0.0,2.3,3.8,67.6,2.9,,8.5
2019-09-04,22.8,21.2,25.5,22.7,2.5,4.5,89.0,1.1,,9.3
2019-09-05,23.0,21.5,27.6,36.4,2.0,5.0,91.4,1.5,,9.0
2019-09-06,25.3,21.6,29.1,2.4,2.1,3.4,79.8,0.4,,10.0
2019-09-07,25.7,22.6,29.5,2.8,6.0,11.8,72.9,0.0,,10.0
2019-09-08,24.7,22.9,27.3,0.0,1.9,4.8,76.9,1.4,,9.3
2019-09-09,25.1,22.4,28.0,0.0,1.7,3.6,74.3,2.0,,9.3
2019-09-10,23.8,22.1,26.5,63.2,2.4,4.0,93.4,1.0,,9.8
2019-09-11,24.3,20.4,28.7,7.6,3.1,4.7,71.4,6.9,,7.9
2019-09-12,21.0,18.7,22.9,3.9,2.6,4.8,72.3,0.0,,9.8
2019-09-13,23.3,18.3,29.3,0.1,1.7,3.5,60.4,10.9,,4.3
2019-09-14,22.4,20.8,24.1,0.3,1.2,2.9,80.0,0.2,,8.8
2019-09-15,24.2,19.5,30.0,,1.7,4.1,70.4,10.6,,5.5
2019-09-16,24.5,20.7,30.5,,2.1,4.5,53.0,9.4,,3.6
2019-09-17,23.5,18.0,29.0,,2.1,4.4,41.6,10.6,,6.4
2019-09-18,21.0,16.0,25.4,,3.1,4.9,46.0,11.7,,1.1
2019-09-19,19.5,13.6,26.0,,1.9,4.3,46.5,10.2,,3.5
2019-09-20,19.6,15.8,24.2,,2.1,3.5,52.8,1.3,,9.4
2019-09-21,19.6,18.3,22.1,,2.0,3.7,60.3,0.0,,9.6
2019-09-22,18.6,17.3,19.6,0.4,3.8,6.4,63.4,0.0,,9.4
2019-09-23,20.0,16.9,24.6,,2.2,5.0,51.1,9.0,,3.1
2019-09-24,19.8,13.9,26.5,,1.8,3.5,61.3,11.4,,0.0
2019-09-25,20.9,14.8,27.4,,1.4,3.0,64.4,8.8,,5.9
2019-09-26,22.9,17.7,29.0,,1.9,3.3,59.3,8.1,,8.4
2019-09-27,22.9,19.6,27.0,,1.9,3.1,57.5,3.5,,8.6
2019-09-28,23.7,19.4,29.2,,1.7,3.3,58.9,10.1,,3.8
2019-09-29,22.6,17.9,28.6,,1.7,4.0,60.6,11.1,,0.3
2019-09-30,22.4,16.4,29.9,,1.6,3.4,61.0,10.5,,0.0
2019-10-01,23.1,17.6,28.2,,1.8,4.4,67.1,7.5,,6.8
2019-10-02,21.6,20.0,24.2,23.1,3.0,5.5,88.0,0.0,,9.9
2019-10-03,22.4,19.8,27.3,4.6,2.8,4.9,73.4,6.0,,6.3
2019-10-04,22.4,18.0,27.8,,2.1,3.9,71.5,9.9,,3.6
2019-10-05,18.7,14.7,21.9,0.6,2.9,4.6,72.6,2.3,,7.0
2019-10-06,18.1,13.2,22.7,,2.9,4.8,53.4,9.4,,6.1
2019-10-07,14.8,13.3,17.9,25.4,1.8,3.6,92.0,0.0,,9.5
2019-10-08,14.7,10.6,19.8,,2.6,6.2,58.8,10.3,,2.6
2019-10-09,13.6,7.7,20.4,,1.7,3.8,48.3,10.6,,1.9
2019-10-10,15.2,10.7,19.8,,1.3,2.8,60.9,1.1,,9.0
2019-10-11,18.8,13.0,26.1,,1.9,4.9,60.0,10.3,,0.9
2019-10-12,17.9,13.3,23.3,,3.5,6.7,49.3,10.5,,0.6
2019-10-13,17.2,12.1,23.8,,1.9,4.1,52.6,10.6,,2.1
2019-10-14,14.4,9.5,19.6,,2.5,5.1,56.9,10.1,,1.9
2019-10-15,14.5,8.8,20.4,,1.6,4.3,55.6,7.7,,3.0
2019-10-16,14.6,9.0,20.8,,1.6,3.6,58.3,9.8,,5.3
2019-10-17,15.4,11.2,21.6,,1.7,3.5,56.0,7.4,,4.8
2019-10-18,17.0,12.0,22.7,,2.4,4.3,58.3,8.0,,7.1
2019-10-19,17.0,12.1,23.1,,1.8,3.7,63.8,10.2,,0.8
2019-10-20,16.5,12.0,22.9,,1.3,3.0,70.3,9.3,,0.6
2019-10-21,17.1,10.9,24.6,,1.0,2.4,61.0,9.6,,2.1
2019-10-22,18.1,13.3,24.4,,1.6,3.3,56.1,9.1,,4.4
2019-10-23,17.0,14.3,20.7,,2.4,4.4,57.3,0.7,,8.0
2019-10-24,18.3,15.3,23.8,,2.7,5.1,47.6,6.6,,4.5
2019-10-25,16.7,13.1,22.0,0.0,2.4,5.6,58.0,7.1,,6.6
2019-10-26,10.0,6.6,14.9,,2.5,5.2,60.0,8.7,,2.3
2019-10-27,11.0,4.7,17.4,,1.6,4.2,59.0,9.8,,0.9
2019-10-28,12.9,7.4,17.7,1.7,2.5,4.7,65.9,7.3,,5.6
2019-10-29,12.5,8.2,17.6,0.1,2.3,5.2,61.0,9.0,,1.6
2019-10-30,11.2,5.0,17.7,,1.6,3.8,60.3,9.6,,0.3
2019-10-31,14.8,8.4,19.7,,2.3,5.2,73.8,8.0,,4.6
2019-11-01,14.9,11.4,20.5,,1.8,3.9,57.9,9.5,,1.9
2019-11-02,13.6,8.3,18.7,,1.5,2.9,57.3,3.3,,8.1
2019-11-03,14.7,9.4,22.1,,2.1,4.7,57.8,7.8,,4.0
2019-11-04,13.8,9.2,20.3,,2.1,3.7,57.8,9.7,,0.0
2019-11-05,12.4,8.4,18.4,,1.6,3.8,65.1,8.0,,1.4
2019-11-06,11.0,6.3,16.5,,1.8,4.4,63.6,7.5,,5.0
2019-11-07,9.2,5.0,13.6,,2.7,5.3,42.8,9.5,,1.6
2019-11-08,6.8,1.1,13.0,,1.9,4.4,31.4,9.7,,0.0
2019-11-09,9.5,3.5,17.2,,1.6,4.2,41.4,9.7,,0.3
2019-11-10,10.0,6.2,15.3,11.8,2.1,3.8,59.6,3.3,,8.9
2019-11-11,11.2,7.9,15.1,1.1,2.4,4.8,71.6,7.2,,5.9
2019-11-12,9.3,4.8,14.5,,1.4,2.7,63.6,5.7,,3.6
2019-11-13,7.2,3.0,11.3,7.5,2.8,6.0,72.3,0.0,,8.5
2019-11-14,1.3,-2.5,5.0,,2.9,5.8,30.6,9.7,,1.0
2019-11-15,5.6,1.4,7.6,18.8,2.0,3.5,87.4,0.1,,8.1
2019-11-16,6.8,3.8,12.7,,1.6,3.0,81.3,5.6,,5.5
2019-11-17,8.3,5.6,10.5,21.1,3.1,6.4,79.4,0.0,,9.3
2019-11-18,4.6,0.4,12.7,14.7,3.9,7.0,59.8,8.0,,7.1
2019-11-19,0.2,-3.5,4.0,0.0,2.8,5.8,48.0,9.4,,1.4
2019-11-20,0.5,-4.6,6.3,,1.8,4.6,35.5,9.4,,0.0
2019-11-21,4.2,-2.3,9.0,,1.9,4.2,37.4,5.7,,6.1
2019-11-22,9.7,3.0,17.3,,2.1,4.8,34.1,9.0,,1.4
2019-11-23,12.1,7.7,17.7,,1.8,3.6,52.0,8.0,,6.1
2019-11-24,9.8,4.6,15.6,3.8,2.2,6.0,74.6,1.8,,7.1
2019-11-25,1.9,-1.2,6.0,,2.7,5.9,62.1,5.8,,4.4
2019-11-26,6.6,1.2,13.7,,2.0,4.5,64.0,7.9,,3.9
2019-11-27,3.1,0.3,6.8,,2.7,4.6,50.8,8.3,,4.0
2019-11-28,3.5,-0.6,10.4,,2.0,4.3,52.4,9.0,,1.8
2019-11-29,1.5,-3.4,6.9,,2.0,4.0,42.8,9.3,,0.9
2019-11-30,4.1,-1.4,9.3,,1.7,3.4,42.6,5.3,,6.0
2019-12-01,4.6,2.3,6.2,3.3,1.6,4.1,79.4,0.0,,9.3
2019-12-02,-0.1,-3.2,2.8,,3.1,6.2,48.0,8.8,,2.4
2019-12-03,0.5,-5.0,4.2,0.6,1.6,3.6,61.3,3.1,,6.3
2019-12-04,2.0,-2.0,7.2,0.0,1.8,4.4,41.6,8.7,,1.0
2019-12-05,-4.4,-8.5,-0.2,,3.2,6.0,31.9,9.2,,0.0
2019-12-06,-5.9,-10.6,-1.0,,1.7,3.8,34.5,9.3,,0.6
2019-12-07,-2.4,-5.5,1.2,0.1,1.7,3.1,65.0,1.1,0.0,6.6
2019-12-08,-0.9,-5.5,4.9,,1.4,3.2,65.1,8.9,,1.1
2019-12-09,3.2,-1.3,8.0,0.0,2.5,3.9,56.8,1.4,,7.9
2019-12-10,8.1,6.0,10.8,1.7,1.2,3.5,82.3,2.0,,8.9
2019-12-11,6.3,0.1,9.8,0.2,3.4,7.2,62.0,5.2,,5.9
2019-12-12,-0.7,-3.5,3.4,,1.8,4.2,45.4,9.1,,0.0
2019-12-13,2.1,-3.7,5.9,1.0,2.0,4.3,53.6,3.4,,6.8
2019-12-14,2.7,-0.1,6.4,0.0,2.3,5.3,58.3,8.3,,3.0
2019-12-15,5.3,0.4,11.0,,2.0,3.6,52.5,7.3,,2.9
2019-12-16,7.8,2.1,12.9,,1.9,3.2,58.9,6.6,,6.1
2019-12-17,7.7,3.2,10.2,9.8,2.3,4.5,81.4,0.0,,8.6
2019-12-18,0.8,-1.7,5.2,,2.5,4.2,64.6,8.4,,3.5
2019-12-19,-0.8,-4.5,3.1,0.0,2.4,4.8,47.8,8.5,,1.8
2019-12-20,-1.1,-3.5,2.0,0.0,2.3,3.9,45.3,8.9,,1.4
2019-12-21,-1.2,-5.1,1.5,0.6,1.7,2.9,68.1,1.9,,5.5
2019-12-22,4.1,0.3,8.4,0.3,1.7,3.5,63.4,5.2,,7.8
2019-12-23,3.4,0.3,5.2,2.9,2.0,4.2,80.4,2.4,,6.1
2019-12-24,0.8,-2.9,6.5,,1.4,3.1,67.9,8.0,,0.8
2019-12-25,2.0,-2.7,6.6,,1.0,3.2,60.8,3.3,,5.9
2019-12-26,2.0,-2.4,4.1,0.3,2.4,5.2,59.0,1.3,,5.4
2019-12-27,-1.7,-4.6,2.6,,2.1,4.3,45.4,9.0,,0.0
2019-12-28,1.1,-3.6,6.1,,2.0,3.7,47.6,5.8,,3.5
2019-12-29,3.8,1.1,6.2,1.4,2.9,4.4,52.5,0.0,,9.0
2019-12-30,2.7,-5.7,6.8,0.4,2.9,7.4,70.3,0.0,,7.5
2019-12-31,-7.9,-10.9,-4.5,0.0,3.1,7.5,39.3,9.1,,1.3
2020-01-01,-2.2,-6.5,0.3,0.1,0.6,2.6,64.4,0.8,0.0,8.9
2020-01-02,1.0,-0.7,3.8,,1.2,4.0,65.4,0.0,,7.9
2020-01-03,-0.1,-3.4,4.6,,1.7,3.5,56.9,8.8,,0.0
2020-01-04,1.2,-2.8,6.1,,1.9,4.5,50.8,7.9,,2.1
2020-01-05,1.3,-3.2,6.6,,1.1,2.9,45.6,7.1,,3.9
2020-01-06,3.1,0.6,4.6,1.8,3.1,5.4,65.4,0.0,,9.8
2020-01-07,6.3,4.2,7.7,46.3,4.0,6.3,95.0,0.0,,10.0
2020-01-08,2.4,-0.4,8.9,11.6,3.3,6.3,86.1,0.0,,9.6
2020-01-09,-1.2,-3.1,2.0,,2.3,4.3,65.3,8.7,,1.6
2020-01-10,-0.6,-4.3,4.2,,1.5,3.7,62.9,7.5,,3.1
2020-01-11,-0.1,-2.6,3.9,,1.9,4.8,60.9,8.1,,3.6
2020-01-12,-1.0,-3.5,2.8,,2.4,4.1,61.5,8.6,,3.6
2020-01-13,-2.9,-4.7,0.2,,2.3,4.9,51.0,8.1,,1.4
2020-01-14,-2.3,-5.7,2.6,,1.6,3.3,45.3,8.5,,1.0
2020-01-15,-2.7,-6.4,2.2,,1.9,4.5,44.8,9.2,,0.1
2020-01-16,-1.7,-5.5,3.2,,1.6,4.4,43.0,8.3,,5.0
2020-01-17,-0.6,-4.8,4.9,,1.5,3.8,43.9,7.6,,4.8
2020-01-18,0.3,-4.1,5.9,,1.8,4.2,48.1,9.1,,2.1
2020-01-19,1.9,-0.4,5.3,0.6,2.2,6.1,62.8,4.8,0.3,4.8
2020-01-20,0.7,-3.3,5.5,,2.5,5.7,46.8,8.7,,2.3
2020-01-21,-0.4,-5.6,5.5,,1.4,3.5,36.9,9.2,,2.9
2020-01-22,3.0,-0.1,7.8,,1.7,3.2,36.0,3.7,,7.8
2020-01-23,4.6,0.0,9.9,,2.0,4.7,49.3,8.8,,3.4
2020-01-24,2.8,-1.3,7.4,,1.7,3.7,63.0,8.8,,3.0
2020-01-25,4.3,0.6,8.8,,1.5,3.9,63.1,3.6,,7.4
2020-01-26,5.5,-0.2,11.9,,2.7,6.1,56.3,7.3,,5.8
2020-01-27,5.9,4.8,7.5,0.1,4.6,7.0,48.1,0.0,,9.5
2020-01-28,6.8,4.3,9.9,0.0,2.6,5.4,49.4,0.0,,7.3
2020-01-29,6.0,3.2,9.6,,2.1,3.6,46.4,3.1,,6.6
2020-01-30,5.2,1.4,10.4,,1.8,3.0,47.0,5.5,,4.0
2020-01-31,3.9,1.4,8.9,0.0,2.3,4.4,59.6,6.1,,4.8
2020-02-01,2.6,-1.2,7.6,,1.7,4.7,66.6,5.3,,3.4
2020-02-02,1.5,-2.1,5.3,,1.8,4.7,52.3,4.8,,6.1
2020-02-03,-0.4,-2.9,3.0,0.0,3.1,5.7,43.6,9.6,,1.5
2020-02-04,-1.6,-6.0,3.9,1.7,2.8,6.2,50.3,6.4,0.8,3.9
2020-02-05,-8.3,-11.0,-4.9,,3.3,5.5,37.3,9.7,0.7,0.0
2020-02-06,-6.4,-11.8,0.4,,1.9,4.0,36.4,9.7,,0.9
2020-02-07,-1.7,-7.2,2.2,0.0,2.0,3.5,45.1,6.1,,8.9
2020-02-08,-0.1,-2.3,3.7,0.0,3.0,5.3,48.1,9.6,,2.5
2020-02-09,-0.5,-5.6,4.1,0.0,2.0,4.4,51.1,9.6,,2.8
2020-02-10,4.0,-0.7,9.6,0.0,1.7,4.2,49.4,9.7,,1.1
2020-02-11,6.8,-0.5,14.6,,1.6,3.6,37.0,7.6,,2.3
2020-02-12,7.4,6.5,8.2,6.7,2.2,5.0,73.4,0.0,,9.9
2020-02-13,6.5,4.9,8.7,,1.7,3.2,84.8,1.3,,9.1
2020-02-14,8.1,3.2,14.7,,1.2,3.0,70.3,8.7,,2.1
2020-02-15,9.8,6.2,15.6,2.0,2.7,5.0,63.0,5.0,,5.8
2020-02-16,-1.4,-4.3,7.7,13.4,4.0,6.6,81.1,1.6,3.9,8.9
2020-02-17,-5.9,-7.1,-3.9,1.0,3.4,5.6,64.3,3.2,5.5,6.5
2020-02-18,-4.1,-8.3,1.3,,2.3,4.1,44.0,10.1,2.0,0.0
2020-02-19,1.0,-4.4,6.4,,1.5,3.2,56.8,7.4,,6.0
2020-02-20,4.6,-0.6,10.8,,1.7,3.3,62.6,9.4,,2.5
2020-02-21,6.7,2.1,10.9,4.2,2.2,5.3,66.3,1.1,,9.3
2020-02-22,4.0,0.0,7.9,3.1,4.0,8.2,62.0,5.9,,5.9
2020-02-23,2.5,-2.5,8.0,,2.0,4.2,48.6,10.2,,0.9
2020-02-24,7.0,0.8,12.2,,1.6,3.4,51.8,7.7,,7.0
2020-02-25,6.7,4.7,9.4,16.6,4.2,6.8,73.5,0.6,,7.5
2020-02-26,6.4,2.8,10.4,0.0,2.1,4.0,59.6,4.8,,5.3
2020-02-27,6.1,1.3,12.5,,2.0,4.4,54.0,10.4,,2.6
2020-02-28,4.5,3.6,5.9,3.9,1.4,4.2,79.4,0.0,,9.8
2020-02-29,7.7,4.5,13.0,0.5,1.7,4.2,68.6,9.5,,3.0
2020-03-01,5.8,3.2,10.1,0.2,2.0,4.7,71.8,0.2,,8.1
2020-03-02,3.4,0.0,7.6,0.0,2.7,4.9,55.3,10.0,,1.6
2020-03-03,4.8,0.3,10.5,,2.6,4.7,57.0,4.1,,6.5
2020-03-04,2.2,-1.3,4.6,0.0,3.7,6.8,53.4,6.6,,5.1
2020-03-05,1.4,-2.8,6.3,,2.5,4.1,47.5,10.9,,0.0
2020-03-06,3.7,-2.5,10.1,,1.6,3.6,46.8,10.6,,2.5
2020-03-07,7.0,1.3,14.2,,2.0,4.1,39.5,5.9,,5.4
2020-03-08,9.3,2.3,16.9,,1.6,4.6,43.8,10.7,,0.3
2020-03-09,11.1,4.8,17.6,,1.8,4.5,37.6,7.1,,6.5
2020-03-10,6.4,3.2,10.8,11.8,2.8,5.3,78.4,0.0,,7.5
2020-03-11,3.8,0.0,8.3,,3.3,5.5,41.8,11.2,,0.0
2020-03-12,6.8,0.2,13.3,,2.5,5.4,49.8,8.1,,4.0
2020-03-13,4.9,-0.1,8.7,0.5,3.3,5.4,41.0,9.7,,6.6
2020-03-14,3.6,-2.7,8.6,,3.0,6.8,48.1,10.0,,2.1
2020-03-15,4.0,0.2,8.5,,3.6,7.8,48.3,8.5,,3.1
2020-03-16,3.6,-2.1,9.1,,2.8,5.2,42.4,11.3,,1.0
2020-03-17,6.6,3.1,12.3,,2.1,5.2,65.8,4.2,,4.8
2020-03-18,10.0,2.7,17.0,,1.8,4.4,45.8,11.1,,0.0
2020-03-19,9.1,5.8,12.1,0.0,4.8,8.2,49.0,7.7,,3.4
2020-03-20,8.8,3.1,14.0,,3.1,6.6,39.6,11.0,,0.4
2020-03-21,12.8,7.9,19.5,,2.0,5.1,56.5,6.1,,6.9
2020-03-22,11.0,6.1,16.5,,3.0,5.6,37.5,11.6,,0.1
2020-03-23,10.6,5.4,17.0,,1.9,4.8,37.9,11.5,,0.0
2020-03-24,11.4,5.3,17.9,,1.8,4.0,35.0,11.5,,0.0
2020-03-25,12.5,6.1,19.2,,1.9,5.3,33.6,9.2,,4.0
2020-03-26,14.8,8.1,20.6,1.8,1.9,5.3,53.8,4.3,,6.9
2020-03-27,11.9,6.7,15.8,2.0,3.3,5.8,56.4,7.4,,5.1
2020-03-28,7.7,4.5,12.8,,3.2,5.5,17.9,9.1,,5.1
2020-03-29,8.7,1.3,16.1,,2.0,4.6,30.6,11.6,,1.5
2020-03-30,10.2,4.3,16.9,,1.8,4.1,38.4,11.7,,0.9
2020-03-31,11.9,4.7,18.6,,2.0,4.4,34.5,10.0,,5.5
2020-04-01,11.3,6.0,17.4,,3.7,7.3,35.6,8.6,,3.5
2020-04-02,9.3,3.4,15.5,,2.3,5.5,41.4,10.6,,2.6
2020-04-03,10.0,5.3,16.3,,2.7,5.7,53.8,10.7,,1.3
2020-04-04,8.9,5.0,13.3,,3.4,6.3,36.4,10.4,,0.8
2020-04-05,7.2,1.9,13.7,,2.8,5.4,29.5,12.1,,0.0
2020-04-06,9.3,2.9,16.1,,2.4,5.9,38.3,11.4,,3.5
2020-04-07,10.6,6.0,16.8,,2.5,5.1,56.6,9.0,,2.1
2020-04-08,9.4,5.2,14.2,,3.5,5.9,25.5,12.3,,0.0
2020-04-09,8.9,4.3,14.7,,2.8,5.7,44.6,11.8,,1.3
2020-04-10,10.7,5.8,16.8,,2.4,4.1,52.6,9.2,,4.8
2020-04-11,9.9,6.2,16.0,,2.5,4.9,63.8,8.8,,4.8
2020-04-12,9.9,4.4,15.6,,3.8,7.4,58.6,8.3,,3.1
2020-04-13,12.4,4.3,20.4,,3.1,5.5,39.4,12.2,,1.9
2020-04-14,13.0,7.6,19.6,,2.4,5.3,46.8,12.1,,1.3
2020-04-15,13.2,7.2,20.2,,2.2,5.6,39.8,10.0,,5.4
2020-04-16,16.0,8.9,23.8,,2.3,4.5,39.9,10.6,,2.9
2020-04-17,12.5,10.4,15.4,6.5,2.4,4.8,77.8,0.3,,9.1
2020-04-18,13.5,8.5,19.6,,2.6,4.8,67.9,10.4,,2.6
2020-04-19,12.3,9.5,15.5,10.3,2.7,5.2,75.8,0.3,,9.5
2020-04-20,10.0,7.6,13.1,0.1,3.3,6.8,73.0,1.3,,7.4
2020-04-21,7.4,4.8,10.4,,4.4,8.9,49.0,10.1,,3.6
2020-04-22,6.0,4.1,8.3,0.0,4.0,6.4,46.8,5.3,,4.1
2020-04-23,7.9,2.9,12.8,,3.7,7.9,47.8,11.8,,1.6
2020-04-24,9.9,4.1,14.3,,3.9,8.2,55.6,12.0,,1.8
2020-04-25,13.1,9.9,17.1,,3.9,7.8,54.4,8.5,,3.3
2020-04-26,12.3,6.8,19.0,,3.2,6.5,43.1,12.5,,0.8
2020-04-27,12.9,8.7,18.3,,2.8,5.5,49.8,9.7,,3.4
2020-04-28,13.9,7.8,19.9,,3.0,5.5,50.0,12.6,,0.0
2020-04-29,14.9,9.3,21.0,,2.6,5.2,48.6,12.2,,0.4
2020-04-30,17.1,9.3,23.4,,2.7,5.9,57.1,8.2,,5.3
2020-05-01,20.2,16.4,26.2,,2.7,5.5,73.6,6.1,,6.6
2020-05-02,20.3,18.0,23.9,0.0,2.3,4.6,79.6,0.2,,9.0
2020-05-03,21.8,17.0,27.4,0.0,2.0,3.9,68.8,5.9,,7.0
2020-05-04,20.2,14.8,25.3,,2.7,4.6,63.9,10.1,,3.4
2020-05-05,16.0,13.1,19.3,,1.9,5.3,67.9,3.3,,5.4
2020-05-06,19.4,11.1,27.6,,2.1,4.4,50.0,12.8,,1.8
2020-05-07,20.7,14.9,26.5,,2.5,4.3,32.5,8.7,,6.8
2020-05-08,19.9,14.3,27.3,2.3,2.4,4.5,32.8,7.5,,7.4
2020-05-09,14.2,12.7,16.8,24.4,3.6,5.9,94.4,0.0,,10.0
2020-05-10,14.4,12.8,16.6,1.3,2.5,4.1,88.6,0.4,,9.0
2020-05-11,16.5,12.4,22.0,3.4,3.0,5.6,61.0,7.2,,8.1
2020-05-12,14.3,10.5,18.9,0.7,2.9,5.4,69.4,5.0,,3.3
2020-05-13,16.1,10.2,21.8,,2.8,6.5,47.3,13.0,,0.6
2020-05-14,19.3,12.4,25.4,,2.0,4.3,35.4,6.6,,8.3
2020-05-15,16.1,14.1,20.2,12.0,3.0,5.3,81.4,0.0,,10.0
2020-05-16,16.7,15.0,20.3,2.5,1.6,3.3,90.3,0.6,,9.5
2020-05-17,19.1,14.6,24.9,0.0,1.7,4.3,80.1,3.9,,7.1
2020-05-18,19.1,13.2,26.8,29.8,2.4,7.2,79.4,3.2,,8.5
2020-05-19,13.0,10.1,17.1,19.0,3.2,7.2,73.6,3.0,,7.6
2020-05-20,14.4,9.2,20.1,0.0,1.9,3.0,60.4,4.5,,6.0
2020-05-21,17.4,10.9,22.9,,2.1,3.3,56.1,9.4,,4.8
2020-05-22,18.5,14.8,22.7,0.0,1.9,4.9,68.5,0.7,,8.6
2020-05-23,20.1,16.6,25.0,0.0,2.2,4.7,66.1,6.8,,7.4
2020-05-24,17.1,14.3,20.2,14.5,2.9,6.5,84.8,1.1,,8.4
2020-05-25,16.6,13.7,21.3,,2.1,3.8,81.0,2.5,,8.1
2020-05-26,16.2,12.7,22.9,1.5,2.1,5.4,81.9,4.8,,7.8
2020-05-27,17.4,11.8,23.9,,2.6,5.9,68.5,13.2,,1.5
2020-05-28,18.7,14.2,23.4,0.0,1.9,3.9,62.8,8.4,,3.9
2020-05-29,20.7,14.6,27.6,,2.0,4.1,65.6,12.7,,1.3
2020-05-30,22.6,16.5,30.0,,1.9,4.3,57.3,11.3,,1.1
2020-05-31,21.2,17.6,28.0,1.0,2.3,5.7,63.0,5.0,,8.5
2020-06-01,19.7,16.6,24.5,0.4,3.4,6.2,64.3,11.5,,3.8
2020-06-02,17.9,14.8,21.8,2.0,2.2,4.1,71.0,0.2,,9.3
2020-06-03,22.0,17.6,28.4,,2.4,5.6,73.3,9.5,,5.8
2020-06-04,21.9,19.7,26.5,0.2,2.7,4.7,81.1,4.7,,8.4
2020-06-05,23.0,18.4,28.7,,1.8,3.8,69.4,8.8,,5.5
2020-06-06,24.6,19.2,30.9,,2.0,4.4,63.6,8.6,,2.3
2020-06-07,22.7,19.2,29.2,,2.3,5.1,69.4,9.2,,3.3
2020-06-08,25.0,19.8,32.0,,2.1,5.5,63.6,11.3,,3.0
2020-06-09,26.7,20.3,32.8,,2.3,4.3,51.6,12.9,,3.0
2020-06-10,25.8,22.5,32.1,6.2,2.0,6.2,63.8,5.2,,9.0
2020-06-11,26.1,21.7,31.6,0.0,2.2,4.6,68.3,8.0,,5.8
2020-06-12,24.7,21.6,27.6,,1.7,3.0,68.6,0.5,,8.1
2020-06-13,26.9,20.6,33.5,0.0,1.9,5.0,52.8,9.7,,5.5
2020-06-14,24.0,20.1,28.8,1.1,2.9,5.9,70.6,8.1,,4.4
2020-06-15,23.0,18.2,28.6,,2.8,6.3,62.3,10.1,,6.0
2020-06-16,24.4,20.0,30.7,,2.2,4.4,63.0,7.5,,6.0
2020-06-17,24.3,20.2,30.3,,2.0,4.3,58.6,5.9,,7.4
2020-06-18,23.4,20.3,27.3,,1.6,3.4,61.4,0.1,,9.0
2020-06-19,24.7,21.1,30.0,0.1,2.1,4.2,61.4,6.0,,6.3
2020-06-20,24.9,20.7,29.7,,2.1,4.6,62.6,11.7,,0.9
2020-06-21,26.1,19.5,32.7,,2.0,4.5,59.5,13.5,,0.1
2020-06-22,28.6,21.7,35.4,,2.0,4.1,50.5,13.3,,1.6
2020-06-23,27.3,23.2,31.0,0.0,1.9,3.7,53.5,5.1,,7.5
2020-06-24,22.3,19.9,26.3,37.6,2.7,5.7,83.5,0.0,,10.0
2020-06-25,21.6,20.1,23.4,13.3,2.2,4.3,91.0,0.1,,10.0
2020-06-26,21.8,19.2,25.7,2.1,3.2,5.3,82.1,3.1,,8.3
2020-06-27,24.1,20.4,29.6,0.0,2.0,5.4,70.4,7.4,,6.1
2020-06-28,25.2,21.5,30.1,,2.4,4.7,70.5,12.4,,1.9
2020-06-29,23.8,20.6,26.5,11.9,2.4,5.9,77.0,1.7,,8.6
2020-06-30,20.1,18.4,23.1,64.7,4.0,7.6,83.0,0.0,,10.0
2020-07-01,21.1,18.1,24.3,0.0,1.9,3.7,79.3,0.2,,7.6
2020-07-02,24.2,20.4,29.8,,1.9,3.4,74.5,5.4,,6.6
2020-07-03,25.5,21.6,30.6,0.1,2.6,6.1,63.5,9.6,,6.8
2020-07-04,24.2,20.4,29.5,1.6,2.1,4.4,63.9,9.5,,7.6
2020-07-05,23.8,19.9,27.6,,1.9,3.5,68.6,6.4,,5.3
2020-07-06,25.6,21.8,30.9,,2.1,4.7,66.6,5.0,,7.4
2020-07-07,24.1,22.1,28.1,0.0,2.5,4.0,75.5,4.0,,6.3
2020-07-08,25.5,21.3,30.4,,2.0,3.7,71.9,10.0,,2.9
2020-07-09,27.5,21.8,32.9,,1.7,3.6,64.6,7.7,,4.8
2020-07-10,24.5,22.7,27.7,2.2,2.8,6.6,75.0,3.1,,6.6
2020-07-11,25.8,22.2,30.2,,2.6,5.0,62.6,6.6,,7.3
2020-07-12,23.5,21.7,26.0,2.9,2.4,3.6,71.9,0.0,,9.1
2020-07-13,18.7,17.7,21.7,47.6,4.0,5.9,94.8,0.0,,10.0
2020-07-14,20.3,17.2,24.3,11.5,2.8,4.4,79.4,0.1,,9.9
2020-07-15,23.4,18.9,28.7,,2.0,3.4,63.1,9.3,,5.1
2020-07-16,25.0,20.4,29.7,,1.8,3.5,70.9,10.2,,4.1
2020-07-17,26.0,21.5,31.6,0.0,1.9,5.6,72.0,7.5,,4.5
2020-07-18,26.1,22.8,31.0,,1.6,4.0,71.6,4.3,,5.4
2020-07-19,24.0,20.6,26.6,29.1,2.7,4.3,81.6,0.0,,9.9
2020-07-20,23.8,22.4,26.6,3.6,3.7,7.0,86.3,0.0,,9.6
2020-07-21,25.0,21.4,30.5,0.0,1.6,4.2,77.0,4.0,,6.3
2020-07-22,23.7,22.6,25.7,11.5,1.6,3.4,89.3,0.0,,9.8
2020-07-23,21.1,18.5,22.6,103.1,3.6,8.3,95.5,0.0,,10.0
2020-07-24,22.5,18.7,26.8,2.9,4.6,8.7,74.3,1.0,,9.3
2020-07-25,24.3,22.3,29.0,0.0,3.1,6.1,69.3,1.9,,7.8
2020-07-26,25.4,21.6,29.6,0.0,2.0,3.3,69.3,5.6,,7.4
2020-07-27,24.3,22.9,25.5,2.2,2.2,3.2,86.4,0.0,,10.0
2020-07-28,24.4,22.7,26.4,0.4,2.0,3.1,84.8,0.0,,9.9
2020-07-29,23.7,22.6,24.9,50.1,2.0,3.4,95.8,0.0,,10.0
2020-07-30,25.3,23.4,28.4,0.1,2.1,3.8,85.5,3.0,,8.3
2020-07-31,26.2,22.8,29.6,1.5,2.0,4.6,81.9,5.0,,6.9
2020-08-01,25.3,24.3,26.9,39.1,1.7,4.9,90.9,0.0,,9.8
2020-08-02,24.9,23.5,26.4,31.4,2.3,7.5,96.3,0.0,,10.0
2020-08-03,25.0,23.9,26.3,102.6,3.0,8.3,96.3,0.0,,10.0
2020-08-04,27.0,25.0,29.4,3.9,3.5,5.7,89.3,0.4,,9.6
2020-08-05,26.5,25.5,29.1,18.5,1.9,4.6,92.1,0.1,,9.8
2020-08-06,24.1,22.9,26.0,75.7,3.3,6.5,92.8,0.2,,8.0
2020-08-07,24.3,22.6,26.1,0.0,1.8,3.3,85.3,0.0,,9.0
2020-08-08,24.2,22.7,26.1,19.1,2.3,3.7,89.5,1.8,,9.1
2020-08-09,24.9,23.7,25.8,50.3,2.6,6.8,95.4,0.0,,9.8
2020-08-10,26.5,24.7,29.5,44.6,2.0,4.3,91.6,0.2,,9.9
2020-08-11,24.6,22.4,27.3,97.0,2.2,4.7,92.5,0.5,,9.5
2020-08-12,27.2,23.5,31.3,,1.9,4.3,83.9,2.1,,8.3
2020-08-13,28.0,26.3,30.3,,2.5,4.9,82.4,0.2,,8.5
2020-08-14,27.1,26.5,28.0,0.4,3.5,5.7,86.1,0.0,,9.3
2020-08-15,26.1,25.0,27.0,69.0,1.9,5.6,96.0,0.0,,9.3
2020-08-16,27.4,25.3,30.8,,3.0,5.2,82.6,2.4,,8.3
2020-08-17,28.2,26.1,32.2,,2.3,4.1,77.9,5.8,,4.4
2020-08-18,27.5,24.0,31.9,,1.6,3.6,76.3,7.9,,2.8
2020-08-19,27.1,23.6,31.4,,2.0,4.4,76.8,9.4,,2.3
2020-08-20,27.7,25.0,31.7,,1.7,4.2,76.0,3.1,,6.4
2020-08-21,26.6,25.2,29.2,2.5,1.6,3.5,83.1,0.8,,8.8
2020-08-22,24.3,21.7,27.6,42.6,2.1,5.5,87.4,0.6,,9.0
2020-08-23,25.3,21.5,29.9,,1.9,3.9,78.4,6.8,,6.0
2020-08-24,27.8,23.7,32.0,,2.2,4.9,71.6,8.8,,5.9
2020-08-25,29.9,26.0,34.5,,2.1,4.6,69.5,7.6,,5.9
2020-08-26,30.2,27.0,34.5,0.6,3.4,6.5,68.3,7.5,,6.4
2020-08-27,27.1,25.6,28.6,8.7,3.6,7.0,84.6,0.5,,9.9
2020-08-28,27.3,26.0,29.7,13.6,1.6,4.4,89.1,2.0,,8.9
2020-08-29,26.8,25.5,29.0,13.6,1.3,4.0,90.1,1.7,,8.4
2020-08-30,26.8,24.4,30.6,42.5,2.1,4.8,88.8,2.4,,7.9
2020-08-31,26.4,23.8,30.0,0.0,2.8,4.3,77.9,1.9,,8.8
2020-09-01,26.6,23.8,29.5,0.0,1.9,3.6,72.4,1.0,,8.8
2020-09-02,24.3,22.6,26.4,33.3,2.3,4.0,91.3,0.0,,9.6
2020-09-03,22.7,20.0,25.6,29.8,4.8,9.8,82.0,2.8,,7.4
2020-09-04,23.3,19.9,27.5,,2.7,5.6,63.9,10.1,,1.6
2020-09-05,23.3,19.2,27.3,,2.0,3.5,66.6,3.3,,8.0
2020-09-06,21.7,19.5,24.4,6.4,2.7,4.8,80.0,0.0,,9.4
2020-09-07,19.2,17.5,20.6,61.0,4.2,7.9,93.5,0.0,,10.0
2020-09-08,23.4,20.6,26.5,0.0,4.2,7.0,71.5,9.5,,5.4
2020-09-09,21.1,19.0,25.3,1.3,2.1,7.6,83.4,3.1,,7.6
2020-09-10,22.8,18.8,27.0,3.9,2.0,4.2,75.8,9.0,,6.3
2020-09-11,22.4,19.2,27.1,1.2,2.8,4.9,72.6,4.5,,7.6
2020-09-12,20.2,18.1,23.2,5.7,2.0,3.9,83.8,0.0,,9.5
2020-09-13,21.5,16.7,26.6,,1.9,3.5,70.4,9.8,,2.8
2020-09-14,21.3,17.6,24.9,0.0,1.8,4.3,79.3,5.7,,4.6
2020-09-15,23.0,18.9,27.7,,1.6,3.3,76.4,5.1,,7.5
2020-09-16,22.5,21.3,24.9,0.3,1.9,3.4,79.9,0.3,,9.4
2020-09-17,21.3,20.1,23.6,,2.1,3.7,70.3,0.7,,8.4
2020-09-18,21.5,18.1,25.8,,2.8,6.0,62.0,9.8,,3.1
2020-09-19,21.2,17.6,26.2,0.3,2.2,5.3,59.3,9.7,,1.5
2020-09-20,19.7,15.6,24.9,,2.0,4.9,57.6,11.4,,0.0
2020-09-21,19.1,13.6,25.3,,1.7,2.9,56.1,9.6,,4.5
2020-09-22,20.2,15.5,25.6,,2.8,4.6,55.3,10.7,,3.1
2020-09-23,19.2,15.2,23.8,,3.3,5.3,59.9,7.2,,7.6
2020-09-24,20.6,16.8,25.4,,3.7,5.7,59.6,8.0,,6.6
2020-09-25,20.1,16.6,25.4,,2.5,4.9,64.1,3.5,,4.9
2020-09-26,19.3,14.8,24.8,,2.4,6.2,62.5,8.0,,4.0
2020-09-27,20.4,14.9,25.8,,2.0,3.9,63.3,9.8,,1.1
2020-09-28,20.7,15.7,26.5,,2.0,3.6,66.0,10.5,,1.1
2020-09-29,19.6,15.3,23.9,,1.9,4.3,67.6,6.3,,6.8
2020-09-30,19.6,16.2,25.7,38.3,1.7,4.1,78.0,4.9,,7.1
2020-10-01,18.8,15.6,23.6,,2.1,4.7,74.9,2.5,,5.5
2020-10-02,19.2,16.3,21.9,0.0,2.3,5.2,79.6,1.9,,9.1
2020-10-03,19.9,18.3,23.2,0.0,1.6,3.6,72.5,1.8,,8.0
2020-10-04,16.6,10.6,21.8,0.0,2.8,7.2,65.1,4.3,,7.1
2020-10-05,13.3,8.5,18.4,,2.5,5.1,57.3,10.5,,2.3
2020-10-06,14.2,9.3,19.7,,2.0,4.1,55.9,10.8,,2.5
2020-10-07,16.0,9.9,22.0,,1.9,3.4,48.9,8.9,,3.8
2020-10-08,17.2,12.1,23.1,,3.1,5.4,53.0,10.8,,0.1
2020-10-09,17.2,12.4,23.3,,3.0,5.2,53.4,10.6,,4.6
2020-10-10,16.9,12.3,21.5,,2.0,3.8,60.1,7.6,,5.3
2020-10-11,16.9,12.7,20.8,,1.8,4.1,68.5,4.9,,5.8
2020-10-12,16.2,12.1,21.3,,2.2,4.6,68.6,7.5,,2.6
2020-10-13,13.6,8.6,18.4,,2.2,4.7,52.3,7.1,,3.5
2020-10-14,12.8,8.5,18.0,,2.4,5.8,47.0,5.8,,6.6
2020-10-15,11.7,6.5,18.5,,1.5,3.7,41.8,7.2,,6.6
2020-10-16,11.8,8.6,15.4,,1.5,2.5,64.3,0.0,,7.6
2020-10-17,13.1,8.7,18.6,,1.8,4.3,64.3,10.1,,1.0
2020-10-18,13.6,7.2,20.2,,2.0,3.9,65.5,9.7,,0.5
2020-10-19,15.1,9.8,21.3,,1.7,3.4,74.4,9.8,,0.0
2020-10-20,15.2,9.9,21.7,,1.6,3.1,67.1,10.0,,0.4
2020-10-21,14.1,11.8,17.3,,1.9,3.8,69.4,0.1,,7.3
2020-10-22,13.5,8.4,18.2,0.0,2.8,5.7,66.0,5.4,,4.6
2020-10-23,8.6,5.4,13.3,,3.0,5.5,51.5,9.9,,0.0
2020-10-24,8.7,3.2,14.0,,2.5,5.9,47.6,9.9,,0.0
2020-10-25,11.8,5.4,18.2,,1.7,3.8,62.5,8.8,,2.8
2020-10-26,12.9,8.0,19.0,,1.6,4.4,71.6,9.2,,1.6
2020-10-27,14.0,9.0,19.4,,1.8,3.4,74.1,8.3,,1.1
2020-10-28,13.8,8.6,18.2,,2.5,4.8,52.1,9.2,,3.8
2020-10-29,10.8,5.5,16.1,,2.0,4.5,40.3,9.0,,3.1
2020-10-30,11.9,5.8,19.6,,1.5,3.2,42.9,9.7,,0.4
2020-10-31,13.6,8.5,18.2,,2.6,5.0,60.3,5.8,,6.1
2020-11-01,13.7,11.6,15.0,13.6,2.3,4.5,84.3,0.0,,8.6
2020-11-02,10.8,7.9,15.6,1.7,2.3,4.9,58.3,9.6,,3.0
2020-11-03,5.1,2.7,8.6,0.5,3.5,8.4,47.5,9.2,,1.5
2020-11-04,4.9,0.2,10.8,,2.3,4.2,43.9,9.6,,0.0
2020-11-05,9.6,3.4,15.9,,1.8,3.0,61.5,8.4,,5.3
2020-11-06,13.5,9.9,17.2,,1.7,3.3,63.3,0.3,,8.9
2020-11-07,14.6,12.2,18.1,0.1,2.7,4.9,68.8,7.0,,3.6
2020-11-08,8.5,3.1,12.4,,3.1,6.2,43.8,9.5,,0.0
2020-11-09,5.5,0.7,8.9,,1.8,4.0,40.9,6.0,,2.4
2020-11-10,7.7,3.5,12.9,,2.2,5.0,56.1,9.6,,0.0
2020-11-11,9.3,3.5,16.5,,1.6,2.6,53.5,9.6,,0.0
2020-11-12,10.4,4.6,17.7,,1.7,3.4,56.9,9.4,,2.0
2020-11-13,12.2,8.5,17.6,,1.6,3.0,71.5,5.5,,3.0
2020-11-14,12.5,6.8,19.3,,1.7,4.0,66.9,8.0,,1.3
2020-11-15,11.1,8.2,14.9,,1.7,3.7,75.0,6.8,,3.4
2020-11-16,12.4,7.5,18.3,,1.6,4.1,70.1,8.4,,2.1
2020-11-17,15.9,11.7,20.0,0.1,2.3,4.5,67.5,1.3,,7.4
2020-11-18,16.6,14.8,18.7,12.2,2.6,3.6,91.4,0.0,,9.8
2020-11-19,13.6,6.9,19.1,86.9,4.2,7.3,90.5,0.0,,9.8
2020-11-20,2.8,0.3,7.0,0.0,3.2,5.6,74.3,0.0,,6.6
2020-11-21,6.5,-0.3,12.8,0.2,2.1,4.8,67.9,6.6,,6.1
2020-11-22,5.6,1.5,9.1,4.8,2.5,5.7,80.5,0.4,,7.8
2020-11-23,1.7,-1.5,5.9,,2.3,4.9,61.4,9.2,,0.3
2020-11-24,2.9,0.2,6.4,,1.8,3.8,54.5,1.3,,6.1
2020-11-25,4.6,0.0,9.5,,1.5,3.0,64.1,4.6,,5.4
2020-11-26,5.6,1.9,10.9,,1.7,3.6,66.5,6.6,,5.5
2020-11-27,4.1,0.6,7.7,0.0,2.7,5.3,61.6,5.0,,4.9
2020-11-28,-0.1,-2.3,2.8,,2.8,5.3,50.0,9.0,,2.9
2020-11-29,-0.6,-3.6,2.6,,2.2,4.5,59.6,1.5,,4.1
2020-11-30,-0.2,-3.6,4.3,,1.9,4.6,57.8,9.1,,0.0
2020-12-01,1.1,-3.6,6.7,,1.9,4.0,44.5,7.3,,4.4
2020-12-02,2.4,0.5,6.1,,1.8,3.9,41.4,3.4,,6.6
2020-12-03,0.7,-2.3,4.2,,2.7,4.9,47.1,9.1,,1.0
2020-12-04,-0.6,-4.6,4.4,,1.8,4.3,53.8,9.0,,0.9
2020-12-05,2.1,-2.2,6.6,,1.7,3.9,63.1,5.1,,5.6
2020-12-06,4.5,1.2,9.1,,1.8,4.3,66.9,6.0,,4.3
2020-12-07,3.4,-0.7,6.3,,2.6,5.6,57.5,7.4,,3.8
2020-12-08,-0.5,-3.5,4.1,,2.0,3.9,50.0,8.7,,0.4
2020-12-09,1.5,-4.1,6.2,,1.5,3.0,55.1,5.9,,4.5
2020-12-10,5.8,3.2,9.3,0.0,1.7,3.5,69.9,1.1,,7.8
2020-12-11,5.3,2.6,9.4,,1.8,4.5,77.1,2.4,,6.5
2020-12-12,2.3,-0.3,6.1,,2.1,4.8,51.3,8.6,,1.8
2020-12-13,-1.1,-6.0,2.0,2.9,2.9,6.1,74.9,1.1,3.2,5.4
2020-12-14,-7.7,-9.7,-5.0,,3.4,5.3,49.1,8.9,1.7,0.0
2020-12-15,-8.3,-11.1,-4.6,,2.8,5.2,43.0,9.0,1.0,0.0
2020-12-16,-8.3,-11.2,-3.9,,2.6,4.6,43.9,9.0,0.8,0.0
2020-12-17,-4.9,-11.1,0.8,0.0,1.7,3.7,47.0,9.0,0.7,2.3
2020-12-18,-2.1,-6.4,1.8,0.2,3.0,5.4,57.0,5.5,0.6,4.1
2020-12-19,-5.1,-9.6,-1.2,,2.4,5.1,45.1,9.0,,1.4
2020-12-20,-3.7,-8.2,1.1,,2.0,4.4,50.4,9.1,,0.0
2020-12-21,-1.0,-6.0,4.7,,1.6,3.7,64.1,8.8,,0.9
2020-12-22,2.0,-2.5,7.2,,2.0,4.7,67.6,5.2,,4.8
2020-12-23,4.5,-0.4,8.5,0.0,2.3,5.1,76.6,1.7,,7.8
2020-12-24,2.6,-2.0,6.1,,2.9,6.5,61.5,7.9,,1.3
2020-12-25,-0.8,-4.7,3.5,,2.1,4.7,51.9,9.0,,0.1
2020-12-26,2.2,-2.1,8.0,,1.8,3.9,65.8,8.2,,3.0
2020-12-27,5.8,1.4,10.0,0.0,1.8,2.8,62.9,5.9,,7.5
2020-12-28,6.7,4.2,11.4,1.3,1.4,3.1,72.1,8.0,,5.3
2020-12-29,0.1,-6.2,4.3,0.2,2.9,6.1,70.8,0.0,,8.5
2020-12-30,-10.9,-12.9,-6.2,,4.1,6.2,55.5,8.3,,0.8
2020-12-31,-8.9,-12.9,-5.0,0.0,2.4,4.2,53.9,6.0,,0.4
2021-01-01,-4.2,-9.8,1.6,,2.0,4.1,64.0,6.5,,3.9
2021-01-02,-5.0,-8.4,-1.4,,2.6,5.4,38.5,9.0,,0.0
2021-01-03,-5.6,-9.1,-2.0,,2.0,4.5,45.0,5.5,,2.9
2021-01-04,-3.5,-8.4,0.3,0.0,1.7,3.2,51.4,4.6,0.0,4.8
2021-01-05,-5.5,-9.9,-2.1,0.0,2.9,5.7,52.8,8.6,0.0,2.6
2021-01-06,-7.4,-12.0,-1.9,2.3,2.4,8.1,54.6,9.1,3.8,3.6
2021-01-07,-14.5,-16.5,-8.4,,4.1,8.3,49.9,,3.3,0.9
2021-01-08,-14.9,-18.6,-10.7,,3.3,6.1,44.0,9.2,1.1,0.0
2021-01-09,-12.2,-16.6,-7.5,,2.6,6.5,46.3,9.0,1.0,0.8
2021-01-10,-7.7,-12.8,-2.7,,1.3,2.6,54.4,6.2,0.7,3.0
2021-01-11,-6.7,-9.6,-4.0,,1.9,3.5,62.1,0.0,0.4,6.9
2021-01-12,-3.9,-9.3,-0.5,2.6,1.8,3.4,79.5,3.6,5.1,6.1
2021-01-13,2.0,-3.0,8.3,0.0,2.4,4.9,80.3,6.1,5.0,3.0
2021-01-14,1.7,-3.6,7.0,,2.3,3.9,46.5,8.0,,0.0
2021-01-15,4.5,-0.7,9.9,0.2,3.0,5.8,67.4,0.0,,8.5
2021-01-16,-4.9,-8.7,-0.7,,3.3,5.2,59.3,8.9,,0.8
2021-01-17,-5.5,-10.8,-1.3,0.0,2.3,4.0,58.5,7.0,0.1,2.3
2021-01-18,-3.8,-9.1,0.2,0.3,3.2,8.6,64.3,2.5,1.0,4.3
2021-01-19,-6.3,-11.6,-0.2,,1.8,4.7,37.9,9.2,,0.0
2021-01-20,-0.1,-6.6,7.1,,2.2,4.3,37.8,8.9,,1.9
2021-01-21,4.5,2.5,7.0,9.2,2.3,3.8,64.4,0.0,,9.6
2021-01-22,5.5,4.8,6.6,0.1,1.7,3.2,92.9,0.0,,9.5
2021-01-23,7.6,4.8,12.2,,4.2,5.8,66.0,5.3,,6.5
2021-01-24,7.3,2.4,13.9,,2.1,4.7,63.9,8.2,,3.4
2021-01-25,7.9,3.0,13.9,,1.9,3.6,62.0,7.6,,6.3
2021-01-26,5.3,1.7,7.4,1.7,1.9,3.8,80.4,0.0,,8.4
2021-01-27,1.7,-1.8,6.5,,2.2,5.2,47.6,8.4,,6.4
2021-01-28,-2.6,-9.7,1.4,2.0,4.0,8.7,52.3,2.3,3.6,5.1
2021-01-29,-8.8,-11.6,-4.9,,3.5,7.3,40.0,9.6,0.7,0.3
2021-01-30,-1.6,-8.1,5.2,0.5,2.5,4.8,60.0,6.4,0.8,3.9
2021-01-31,3.2,-3.8,8.7,,2.0,4.4,57.0,6.7,,4.8
2021-02-01,5.0,-2.3,9.5,0.7,2.7,6.7,74.5,1.1,,7.6
2021-02-02,-5.6,-8.2,-2.4,0.0,3.9,5.9,44.1,9.6,,1.8
2021-02-03,-3.2,-9.4,1.4,3.4,2.2,4.5,64.6,6.6,4.2,5.0
2021-02-04,-3.6,-7.4,0.7,0.1,2.5,5.3,50.1,9.6,4.3,0.1
2021-02-05,1.4,-4.4,6.7,,2.4,5.1,71.8,2.7,1.4,6.0
2021-02-06,6.8,4.3,9.5,,2.2,4.6,80.4,0.1,,9.0
2021-02-07,3.6,-2.6,7.7,,2.9,5.3,67.0,6.0,,4.4
2021-02-08,-3.1,-5.4,0.2,,3.4,6.3,43.6,9.6,,0.0
2021-02-09,-0.9,-6.1,4.7,,2.0,4.8,51.9,9.7,,0.1
2021-02-10,3.4,-1.5,7.2,,2.1,4.3,75.1,0.7,,6.3
2021-02-11,5.5,1.3,10.9,,1.3,3.1,71.5,5.2,,5.3
2021-02-12,6.5,0.6,14.0,,1.7,3.4,60.6,9.2,,4.0
2021-02-13,7.6,1.0,15.9,,1.5,3.8,50.6,9.3,,1.1
2021-02-14,9.5,6.4,13.8,0.0,1.7,3.6,47.6,1.7,,8.1
2021-02-15,1.2,-5.2,8.2,1.4,4.0,7.3,65.1,4.3,,5.8
2021-02-16,-5.1,-7.0,-1.3,1.5,3.2,7.2,57.9,2.8,1.1,4.0
2021-02-17,-8.3,-10.4,-5.2,0.0,5.0,7.5,44.1,9.8,0.9,1.6
2021-02-18,-5.8,-10.6,-0.4,,3.1,6.1,44.9,9.9,0.2,0.0
2021-02-19,1.6,-7.1,8.9,,2.9,5.9,66.9,8.9,,3.3
2021-02-20,8.8,5.5,14.9,,2.1,3.9,60.4,7.8,,2.4
2021-02-21,10.8,4.7,17.4,,2.8,5.8,66.6,9.7,,0.8
2021-02-22,7.8,0.4,12.6,,2.9,6.5,58.3,6.3,,2.6
2021-02-23,0.0,-3.1,4.3,,2.9,5.3,34.0,10.0,,3.3
2021-02-24,2.9,-3.0,10.1,,1.8,3.2,33.0,8.4,,6.5
2021-02-25,4.2,0.7,8.2,,1.4,2.8,35.1,0.0,,8.1
2021-02-26,8.2,0.5,15.8,,2.3,4.3,35.0,9.1,,4.5
2021-02-27,9.5,4.3,16.2,,3.4,5.6,48.6,10.3,,3.5
2021-02-28,7.8,3.2,10.8,,2.1,4.3,49.0,2.6,,6.1
2021-03-01,4.7,0.5,9.0,67.5,3.5,6.2,91.0,0.0,2.3,10.0
2021-03-02,2.3,0.2,6.9,0.1,1.9,4.0,75.9,4.7,2.3,5.5
2021-03-03,4.4,-1.2,9.9,,1.8,3.1,64.4,10.4,,4.5
2021-03-04,7.2,2.5,13.0,,1.9,3.6,62.4,1.9,,6.3
2021-03-05,9.0,3.0,16.2,,2.1,4.9,70.3,10.5,,1.3
2021-03-06,6.6,3.2,11.6,,3.3,6.2,69.5,3.6,,4.9
2021-03-07,6.2,2.1,12.2,,2.8,5.2,62.9,9.6,,3.5
2021-03-08,7.0,1.5,13.9,,1.8,4.9,60.3,10.8,,0.0
2021-03-09,6.6,2.1,12.2,,2.2,4.6,58.5,9.4,,4.3
2021-03-10,8.8,1.7,17.1,,1.8,3.7,61.8,10.2,,0.4
2021-03-11,10.2,4.7,17.1,,1.8,4.5,50.8,7.9,,6.4
2021-03-12,10.5,7.2,14.9,0.0,2.2,4.8,57.0,0.1,,7.0
2021-03-13,9.2,4.6,14.2,,2.2,4.4,62.8,6.0,,5.0
2021-03-14,9.1,4.9,14.7,,2.2,3.9,71.4,8.2,,3.5
2021-03-15,10.6,5.1,15.7,1.7,2.4,5.1,68.8,2.7,,8.9
2021-03-16,8.4,4.9,13.1,1.3,3.2,5.3,52.5,10.6,,1.9
2021-03-17,8.8,1.8,17.5,,1.8,4.7,44.9,10.7,,0.3
2021-03-18,11.7,5.0,18.4,,1.8,4.2,50.1,8.1,,5.0
2021-03-19,15.3,11.4,20.2,,2.2,4.3,47.9,8.8,,6.8
2021-03-20,9.9,7.4,14.7,5.1,2.2,4.0,74.6,0.0,,9.8
2021-03-21,5.8,3.1,8.6,0.3,4.0,6.8,65.9,2.9,,6.8
2021-03-22,6.2,1.1,11.1,,3.2,6.9,55.3,11.1,,0.4
2021-03-23,9.1,2.5,16.4,,2.5,5.7,63.5,10.3,,0.3
2021-03-24,10.8,5.7,16.9,,2.4,5.3,61.5,7.9,,4.3
2021-03-25,11.9,6.8,19.0,,2.2,4.9,68.5,9.7,,2.4
2021-03-26,12.6,4.8,20.6,,1.4,2.9,58.4,7.3,,5.5
2021-03-27,12.1,10.2,15.0,25.5,2.5,4.8,70.9,0.0,,9.6
2021-03-28,9.0,7.7,13.0,9.2,3.3,6.4,95.8,0.0,,10.0
2021-03-29,10.2,7.3,14.6,0.2,3.3,6.6,62.3,7.1,,5.5
2021-03-30,10.8,4.1,18.2,,2.2,5.1,47.3,11.1,,0.6
2021-03-31,14.5,5.9,22.9,,1.8,3.6,41.0,11.4,,3.8
2021-04-01,17.7,12.0,24.0,,3.5,6.7,33.0,10.0,,5.3
2021-04-02,17.8,12.5,23.0,0.0,3.2,6.4,35.6,3.4,,8.1
2021-04-03,14.9,10.9,18.0,56.2,3.1,6.3,80.8,0.0,,9.9
2021-04-04,11.9,9.0,15.8,0.6,3.2,5.2,65.8,1.5,,6.3
2021-04-05,11.9,5.4,19.3,,2.4,5.3,47.9,12.0,,2.3
2021-04-06,13.9,9.4,19.2,,2.5,5.4,50.9,10.6,,2.4
2021-04-07,14.1,8.1,20.4,,2.5,6.2,47.5,11.9,,0.0
2021-04-08,13.0,7.2,18.0,,2.7,5.8,34.0,12.1,,0.0
2021-04-09,13.6,7.6,19.6,,2.7,5.8,39.3,11.9,,0.6
2021-04-10,12.6,7.7,18.8,,2.6,4.7,50.0,11.5,,0.5
2021-04-11,15.0,7.5,21.8,,1.7,3.9,45.4,10.6,,3.5
2021-04-12,13.8,11.9,17.8,22.0,2.4,4.8,70.4,0.0,,9.8
2021-04-13,10.4,5.7,13.5,8.0,3.7,5.7,74.0,2.9,,6.6
2021-04-14,8.4,3.1,13.3,,2.9,6.9,58.5,12.4,,0.3
2021-04-15,11.6,6.3,18.3,,2.1,4.7,62.3,11.1,,4.9
2021-04-16,11.3,8.1,14.8,0.7,2.6,5.7,60.0,3.7,,6.9
2021-04-17,9.6,6.0,14.6,0.0,2.6,7.1,56.6,3.5,,3.8
2021-04-18,9.9,5.6,15.3,,3.2,5.7,64.3,11.9,,0.9
2021-04-19,12.2,5.8,19.4,,2.4,4.9,65.3,12.1,,0.0
2021-04-20,14.8,8.1,22.0,,1.9,4.5,55.1,11.0,,2.9
2021-04-21,19.1,10.3,28.2,,1.8,4.3,43.1,11.1,,3.9
2021-04-22,20.9,16.1,27.5,,2.5,5.0,37.9,2.6,,8.9
2021-04-23,19.0,17.0,21.7,0.0,3.2,6.9,41.4,0.3,,9.6
2021-04-24,18.3,15.3,22.2,0.0,2.7,5.2,43.0,1.6,,6.8
2021-04-25,18.2,12.6,24.0,,2.7,5.6,50.0,11.5,,1.1
2021-04-26,16.2,12.3,20.6,,2.6,4.6,51.8,9.2,,4.5
2021-04-27,15.4,12.5,20.0,1.7,2.3,5.0,62.4,0.5,,9.4
2021-04-28,14.5,11.2,18.2,4.7,2.4,4.8,64.1,2.2,,7.9
2021-04-29,14.6,10.9,20.1,3.9,2.3,6.4,54.1,4.4,,7.6
2021-04-30,11.3,8.6,14.6,26.3,2.4,5.2,81.8,1.1,,9.5
2021-05-01,10.2,8.5,15.3,8.0,2.7,6.3,80.8,1.2,,9.4
2021-05-02,12.4,7.3,18.7,1.7,3.1,5.3,67.9,10.8,,2.6
2021-05-03,14.1,8.4,20.3,,2.1,4.9,56.4,11.6,,3.8
2021-05-04,13.8,11.4,15.8,19.6,2.1,4.8,82.6,0.0,,9.6
2021-05-05,13.9,10.3,18.4,0.1,3.5,6.7,64.4,11.5,,2.6
2021-05-06,15.7,7.9,23.1,,2.4,6.5,46.4,10.6,,4.8
2021-05-07,14.4,10.7,17.2,8.8,3.4,6.7,60.3,5.9,,3.1
2021-05-08,14.3,8.9,21.0,,3.4,8.4,66.1,8.9,,1.1
2021-05-09,15.7,10.0,21.8,,3.5,7.9,51.3,13.0,,0.3
2021-05-10,13.2,11.7,14.6,0.0,1.8,4.0,67.9,0.0,,8.6
2021-05-11,18.5,9.4,25.7,,2.7,5.0,48.9,13.2,,6.0
2021-05-12,22.0,16.9,27.7,,2.2,3.7,39.5,11.0,,4.5
2021-05-13,22.9,16.6,29.6,,1.9,4.2,54.4,12.8,,0.0
2021-05-14,24.1,18.0,30.8,,1.7,4.3,60.3,10.8,,7.1
2021-05-15,22.1,20.8,26.2,15.0,1.7,3.6,79.5,0.5,,9.8
2021-05-16,18.4,14.8,20.8,66.9,2.5,4.4,97.6,0.0,,10.0
2021-05-17,15.3,14.2,16.7,3.1,1.6,3.1,93.0,0.0,,9.0
2021-05-18,17.9,13.6,24.5,,1.7,4.5,70.5,8.4,,4.4
2021-05-19,19.9,12.4,26.6,,1.8,4.4,52.3,13.2,,2.6
2021-05-20,18.7,15.6,22.9,0.9,2.5,6.2,59.8,0.0,,9.9
2021-05-21,16.0,14.2,18.2,6.9,1.7,4.2,86.5,0.9,,9.5
2021-05-22,18.6,13.8,23.8,0.2,2.5,6.2,69.3,12.7,,1.5
2021-05-23,19.5,14.3,25.1,,1.7,4.8,64.4,6.0,,6.9
2021-05-24,19.4,16.4,24.5,,2.7,5.6,61.0,9.1,,3.3
2021-05-25,15.3,11.9,19.3,8.3,3.2,7.4,72.3,6.4,,5.3
2021-05-26,18.0,11.5,23.0,0.0,2.9,6.5,58.5,5.3,,7.6
2021-05-27,15.8,13.9,18.7,8.9,2.8,5.2,83.0,0.5,,6.5
2021-05-28,15.3,12.4,19.7,12.3,2.6,5.0,86.0,1.9,,8.6
2021-05-29,15.4,12.8,19.1,0.3,2.2,3.7,79.8,3.9,,5.1
2021-05-30,18.4,10.8,26.3,18.1,2.1,7.6,73.0,11.6,,3.9
2021-05-31,19.9,16.5,23.8,4.0,1.8,3.5,78.9,2.0,,7.4
2021-06-01,20.2,15.9,23.9,3.2,2.2,5.4,74.6,1.9,,8.1
2021-06-02,23.2,16.6,29.7,,2.1,4.5,64.4,11.9,,3.4
2021-06-03,19.1,14.6,22.7,18.1,1.8,7.5,80.8,0.2,,9.6
2021-06-04,18.5,13.3,23.6,,2.9,6.0,69.4,10.9,,2.6
2021-06-05,20.8,17.0,25.7,,3.3,5.5,68.1,8.4,,3.0
2021-06-06,23.0,18.4,28.2,,2.2,3.8,69.6,8.3,,3.8
2021-06-07,21.1,19.4,24.0,0.0,1.7,3.3,71.5,0.3,,7.8
2021-06-08,23.6,18.8,29.5,0.1,1.7,3.6,69.6,7.1,,5.4
2021-06-09,25.8,19.5,31.6,,1.6,3.4,59.1,9.9,,3.4
2021-06-10,24.9,20.5,29.8,6.1,2.2,5.4,68.5,1.3,,8.5
2021-06-11,21.5,19.9,24.4,4.6,2.8,5.7,84.5,1.8,,6.4
2021-06-12,24.2,18.2,30.2,,1.8,3.9,74.6,9.1,,5.0
2021-06-13,24.8,20.9,29.7,,2.0,4.3,72.6,10.2,,3.5
2021-06-14,24.8,18.9,30.2,,2.1,4.0,68.8,8.3,,6.8
2021-06-15,22.5,21.5,25.3,1.9,2.3,3.9,79.1,1.6,,7.0
2021-06-16,24.3,20.3,28.9,,3.6,5.7,59.9,11.5,,2.5
2021-06-17,21.9,19.6,25.0,0.0,2.4,3.6,71.4,0.3,,9.4
2021-06-18,20.0,19.0,21.4,6.3,2.5,3.8,92.1,0.0,,9.8
2021-06-19,22.3,17.5,27.4,,1.8,3.7,74.0,10.5,,4.1
2021-06-20,22.9,17.6,29.0,,2.8,6.8,73.3,10.7,,3.1
2021-06-21,23.6,19.2,28.5,,2.2,4.6,67.0,11.1,,3.3
2021-06-22,22.8,19.7,28.6,0.0,2.1,7.8,67.9,6.8,,6.8
2021-06-23,22.4,18.8,27.9,7.5,2.4,6.0,70.5,7.2,,4.4
2021-06-24,23.0,18.5,28.0,,1.9,4.4,71.1,5.7,,3.0
2021-06-25,24.1,19.5,29.5,,2.0,4.7,69.0,9.7,,4.0
2021-06-26,22.8,19.9,26.7,4.5,1.8,3.4,78.5,2.3,,7.3
2021-06-27,24.5,19.8,30.8,38.2,2.0,7.8,72.1,8.1,,5.4
2021-06-28,23.7,21.0,29.2,0.1,1.9,4.1,76.4,2.2,,8.1
2021-06-29,23.9,21.3,28.4,8.0,1.8,4.1,78.6,4.2,,6.5
2021-06-30,24.3,21.0,28.8,6.0,1.3,3.6,77.9,4.0,,6.1
2021-07-01,26.3,21.4,31.0,,1.8,4.1,70.9,8.2,,2.3
2021-07-02,27.1,23.6,31.8,,2.3,3.5,64.1,7.4,,5.8
2021-07-03,22.6,19.6,25.7,60.0,3.6,5.9,80.0,0.9,,8.5
2021-07-04,21.4,19.8,23.1,21.4,2.3,4.9,96.8,0.0,,9.9
2021-07-05,23.3,20.1,26.9,,1.4,3.5,80.3,0.9,,8.9
2021-07-06,25.3,21.0,30.1,,1.6,3.7,73.4,4.3,,7.0
2021-07-07,26.4,23.9,29.1,12.7,1.5,3.3,78.5,1.1,,9.4
2021-07-08,26.0,23.8,29.8,2.9,2.0,4.7,81.6,2.9,,7.1
2021-07-09,25.5,23.6,29.2,0.0,1.9,4.2,77.3,3.8,,6.5
2021-07-10,25.9,23.1,29.2,0.5,2.4,5.4,80.4,4.2,,7.4
2021-07-11,25.7,24.1,27.5,0.4,2.2,4.8,86.8,0.1,,7.8
2021-07-12,28.1,23.8,32.5,,1.6,3.1,75.1,4.9,,6.6
2021-07-13,28.8,26.3,31.5,,1.7,3.7,76.1,1.4,,6.8
2021-07-14,29.7,26.1,33.5,,2.2,4.2,71.4,7.1,,7.0
2021-07-15,29.1,25.9,34.5,0.0,2.1,4.6,71.1,8.7,,5.1
2021-07-16,28.8,24.2,35.2,,2.2,7.4,68.4,10.5,,3.5
2021-07-17,29.1,24.7,32.8,0.0,2.3,4.2,63.1,8.9,,4.8
2021-07-18,29.6,25.7,34.1,,2.1,4.2,62.5,8.4,,5.6
2021-07-19,26.4,24.0,30.5,67.4,1.9,4.9,80.1,3.1,,6.9
2021-07-20,27.9,23.6,31.8,0.0,1.5,3.6,75.8,3.4,,7.6
2021-07-21,30.5,25.3,35.3,,1.7,3.0,64.0,11.3,,3.5
2021-07-22,31.2,26.5,35.9,,2.0,3.7,59.8,11.4,,4.0
2021-07-23,31.2,27.2,35.8,,1.8,3.6,61.8,12.4,,2.3
2021-07-24,31.7,26.9,36.5,,1.7,4.2,57.4,12.3,,3.0
2021-07-25,31.5,27.2,35.9,,2.0,4.4,55.8,13.0,,4.9
2021-07-26,31.2,27.4,35.4,,2.4,4.3,54.9,13.2,,1.6
2021-07-27,31.1,27.8,35.7,,2.1,4.6,60.5,7.3,,3.9
2021-07-28,30.4,27.1,34.7,0.0,1.9,4.9,67.4,6.5,,3.8
2021-07-29,29.6,27.0,33.3,,2.0,3.9,69.9,2.2,,6.8
2021-07-30,30.5,25.8,35.4,,2.1,4.1,63.1,7.7,,6.5
2021-07-31,29.8,26.8,34.3,3.0,2.5,4.3,69.9,7.7,,6.9
2021-08-01,27.1,25.1,28.8,21.0,1.3,4.7,81.8,0.0,,9.8
2021-08-02,26.5,25.0,28.6,1.7,1.6,3.4,82.6,0.6,,9.0
2021-08-03,28.0,24.1,31.4,0.0,1.8,5.5,76.9,4.3,,6.1
2021-08-04,28.9,26.3,33.2,,2.0,4.3,70.6,6.1,,5.9
2021-08-05,29.4,25.6,33.7,,2.1,4.1,68.1,8.9,,4.6
2021-08-06,28.1,26.0,32.2,,2.1,8.3,68.4,6.3,,7.4
2021-08-07,28.0,23.4,32.3,,2.1,4.0,65.0,11.3,,3.3
2021-08-08,26.8,24.4,32.1,12.7,1.7,4.3,74.8,2.0,,8.1
2021-08-09,28.3,23.3,33.6,,2.3,4.8,62.4,8.6,,5.6
2021-08-10,27.7,24.3,32.2,,2.3,4.4,62.5,8.5,,4.5
2021-08-11,27.4,24.1,31.6,0.0,2.0,3.9,70.3,5.3,,5.8
2021-08-12,26.8,24.0,31.7,0.0,1.8,4.6,67.1,4.4,,5.9
2021-08-13,26.6,23.4,30.1,,2.0,3.5,70.4,1.7,,8.0
2021-08-14,26.1,23.4,30.5,,3.0,4.8,63.9,4.5,,6.5
2021-08-15,26.9,21.7,32.4,,2.3,3.7,59.6,10.2,,1.8
2021-08-16,27.3,22.5,32.8,0.0,2.3,3.7,61.1,10.4,,3.8
2021-08-17,25.9,21.9,31.3,9.3,2.4,4.6,65.0,5.8,,5.5
2021-08-18,24.3,20.6,31.0,5.6,2.8,5.4,69.6,5.8,,5.3
2021-08-19,26.0,21.0,31.5,,2.6,4.0,57.1,8.6,,4.0
2021-08-20,26.6,22.6,30.7,0.0,2.3,5.1,63.6,5.5,,6.9
2021-08-21,23.8,21.0,25.5,62.8,2.7,6.7,88.1,1.0,,8.8
2021-08-22,24.4,22.4,27.0,0.0,2.1,4.4,81.5,0.7,,8.6
2021-08-23,22.4,21.0,24.0,7.4,2.0,3.3,89.3,0.0,,9.5
2021-08-24,23.4,21.1,26.4,10.5,2.9,6.1,93.6,0.0,,10.0
2021-08-25,25.0,23.5,27.3,0.3,1.8,3.8,85.5,0.7,,8.4
2021-08-26,25.5,22.9,27.9,0.7,2.5,5.0,84.9,0.2,,8.1
2021-08-27,22.4,20.4,25.5,0.9,1.3,3.2,83.5,0.0,,9.1
2021-08-28,23.6,19.7,28.2,,1.8,3.9,80.4,3.8,,8.4
2021-08-29,23.7,21.9,26.3,0.9,1.6,3.4,82.6,1.0,,8.6
2021-08-30,24.2,21.2,27.7,0.0,1.4,2.9,77.5,1.1,,8.3
2021-08-31,20.5,18.1,23.1,77.4,2.3,4.9,93.3,0.0,,9.9
2021-09-01,21.4,18.5,23.9,0.8,2.9,4.7,83.1,0.0,,9.3
2021-09-02,23.5,20.7,26.7,,2.1,3.4,70.3,1.4,,8.3
2021-09-03,24.3,20.6,29.2,,2.4,4.0,60.3,11.2,,1.9
2021-09-04,23.2,18.5,28.6,,2.7,3.7,57.0,9.3,,4.4
2021-09-05,23.1,19.4,27.3,,3.2,4.9,61.1,4.6,,5.8
2021-09-06,22.3,18.0,26.4,12.0,3.2,5.5,70.1,2.4,,8.9
2021-09-07,19.6,17.6,20.9,29.6,2.3,4.4,98.1,0.0,,10.0
2021-09-08,22.2,19.0,26.9,1.6,1.7,4.2,81.3,7.1,,4.5
2021-09-09,23.5,19.1,29.1,,1.5,3.0,76.5,8.0,,6.5
2021-09-10,23.6,19.5,28.9,,1.9,4.3,76.0,6.4,,3.9
2021-09-11,24.0,19.9,29.4,,1.7,5.6,73.1,8.7,,2.0
2021-09-12,24.2,19.2,29.8,,1.8,4.4,64.6,10.2,,1.9
2021-09-13,24.8,20.8,30.3,,2.4,3.9,67.1,6.1,,6.9
2021-09-14,24.6,20.0,29.5,,2.6,5.6,63.3,10.3,,2.4
2021-09-15,23.6,19.5,28.9,,3.6,5.9,57.5,11.4,,0.6
2021-09-16,22.9,18.0,27.3,,2.6,4.6,61.1,9.1,,5.1
2021-09-17,23.5,20.5,28.2,,3.0,5.8,61.4,6.6,,3.8
2021-09-18,23.9,18.9,29.8,,1.6,4.0,65.1,8.8,,2.3
2021-09-19,23.7,20.8,27.8,,1.9,3.0,62.9,2.8,,6.3
2021-09-20,23.7,19.0,28.4,,2.7,6.2,63.6,10.3,,5.9
2021-09-21,22.0,17.4,26.2,68.1,2.9,7.1,85.1,4.3,,8.0
2021-09-22,20.2,16.8,24.3,4.5,2.7,6.2,79.0,6.5,,4.1
2021-09-23,20.9,16.9,25.9,,2.4,6.5,67.3,8.0,,3.4
2021-09-24,21.8,16.7,26.9,,2.2,3.8,67.5,9.9,,1.5
2021-09-25,21.2,18.7,23.1,,2.3,3.5,72.6,0.0,,8.6
2021-09-26,22.6,18.4,27.3,,2.3,3.6,63.0,8.3,,6.8
2021-09-27,21.6,18.7,25.0,0.0,2.4,3.7,66.0,2.2,,8.3
2021-09-28,21.5,19.6,24.4,1.3,2.2,3.7,75.1,0.7,,9.8
2021-09-29,20.2,17.8,21.4,13.1,1.7,4.4,93.5,0.0,,7.6
2021-09-30,20.3,16.0,25.9,,1.5,3.3,83.9,7.4,,2.0
2021-10-01,21.1,16.9,27.5,13.3,2.4,10.6,75.8,9.3,,2.9
2021-10-02,20.7,16.4,26.6,,1.6,3.3,77.1,8.1,,4.0
2021-10-03,22.3,17.1,28.8,,1.9,4.5,69.5,8.4,,2.0
2021-10-04,22.9,19.2,25.6,3.6,2.9,6.1,81.0,0.0,,9.5
2021-10-05,23.6,21.7,26.5,0.0,3.3,6.2,82.4,1.5,,8.1
2021-10-06,18.8,17.9,21.7,6.4,2.8,4.3,91.5,1.2,,9.0
2021-10-07,19.4,17.9,21.9,4.6,1.9,4.0,85.5,0.0,,9.4
2021-10-08,18.8,17.5,20.0,3.5,1.7,2.9,91.3,0.0,,9.5
2021-10-09,20.9,18.5,24.1,0.4,2.3,3.7,83.5,1.9,,6.8
2021-10-10,19.9,14.9,24.3,14.2,2.2,4.7,89.0,0.0,,9.8
2021-10-11,15.2,12.6,17.8,0.3,2.2,6.0,78.6,1.7,,8.3
2021-10-12,17.9,15.8,21.3,,3.3,5.9,67.1,3.0,,6.9
2021-10-13,19.6,14.9,25.2,,2.4,4.1,66.6,9.0,,2.1
2021-10-14,19.7,17.4,23.9,,2.0,4.2,73.6,6.1,,5.8
2021-10-15,19.0,17.0,21.4,0.0,2.1,3.8,74.4,0.7,,9.6
2021-10-16,10.7,4.2,18.1,0.0,3.4,5.7,47.5,1.5,,6.1
2021-10-17,5.6,1.3,10.8,,2.9,7.1,37.4,10.3,,0.0
2021-10-18,9.6,2.8,16.1,5.6,2.0,3.6,60.4,4.3,,6.6
2021-10-19,10.9,7.1,15.0,4.4,2.4,5.4,72.8,6.5,,4.0
2021-10-20,9.5,4.6,15.8,,1.7,3.7,64.9,10.0,,0.3
2021-10-21,9.8,4.9,16.2,,1.7,3.6,64.1,4.0,,3.3
2021-10-22,10.8,5.2,17.2,,1.8,4.9,58.4,10.0,,0.8
2021-10-23,11.4,5.7,18.4,,1.6,3.4,57.3,9.6,,0.3
2021-10-24,11.4,6.0,18.1,,1.7,3.2,63.1,9.9,,0.3
2021-10-25,11.7,6.3,17.6,,1.9,3.5,64.5,7.0,,0.8
2021-10-26,13.0,7.7,19.0,,1.7,3.0,74.5,8.6,,3.6
2021-10-27,13.4,9.8,18.1,0.0,2.2,4.0,63.4,8.2,,2.5
2021-10-28,12.7,7.1,20.0,,1.4,3.7,54.6,9.7,,0.0
2021-10-29,14.6,10.5,20.6,,2.0,3.7,55.9,8.7,,4.6
2021-10-30,13.8,11.0,18.0,,1.6,3.1,62.4,1.6,,6.1
2021-10-31,14.1,9.2,20.3,0.7,1.6,3.9,73.3,7.6,,3.8
2021-11-01,12.9,10.3,16.9,,1.9,4.0,77.3,6.3,,3.0
2021-11-02,11.5,7.9,16.9,,1.7,3.5,76.6,7.8,,4.0
2021-11-03,12.1,7.6,17.1,,1.5,3.7,71.1,8.5,,3.0
2021-11-04,12.1,8.4,16.3,0.0,1.3,2.7,80.4,3.9,,2.4
2021-11-05,13.0,7.8,20.2,,1.5,2.7,68.5,9.2,,0.6
2021-11-06,14.1,8.8,21.3,,1.6,2.8,61.1,8.3,,1.3
2021-11-07,15.3,9.7,21.3,,2.1,4.9,57.5,6.8,,7.0
2021-11-08,8.6,4.5,15.5,25.7,3.2,9.3,82.1,0.1,,9.9
2021-11-09,4.9,3.0,6.5,2.0,2.4,5.1,80.3,0.0,,8.1
2021-11-10,4.2,0.7,7.7,0.3,2.5,5.7,73.4,3.2,,7.4
2021-11-11,5.3,2.1,9.7,0.0,2.9,6.8,60.6,6.3,,3.0
2021-11-12,4.5,1.3,8.6,,2.6,5.8,55.4,8.3,,1.3
2021-11-13,7.3,0.5,13.4,,1.5,3.3,66.1,5.4,,4.5
2021-11-14,11.3,7.8,16.4,,2.2,5.7,69.8,6.4,,3.4
2021-11-15,10.1,5.8,15.7,,1.6,3.2,71.3,7.9,,3.6
2021-11-16,8.5,4.4,13.6,,1.9,4.4,65.5,9.0,,0.0
2021-11-17,7.5,2.7,12.5,,1.6,3.4,64.1,7.3,,3.5
2021-11-18,11.9,7.7,16.2,0.0,2.4,5.5,70.8,1.9,,7.5
2021-11-19,12.9,10.2,16.7,,1.9,3.6,84.8,0.9,,6.5
2021-11-20,10.4,6.8,15.6,,1.6,3.0,77.0,5.6,,3.3
2021-11-21,10.4,7.6,13.1,5.9,1.9,7.9,74.4,0.0,,8.9
2021-11-22,2.7,-0.6,7.5,1.3,4.1,7.3,61.8,5.4,,3.3
2021-11-23,-0.6,-3.7,2.3,,3.2,5.5,60.9,5.7,,2.9
2021-11-24,4.1,-2.6,9.1,0.0,1.9,4.4,64.3,4.9,,3.9
2021-11-25,5.7,2.6,9.9,,2.2,4.7,55.0,7.9,,1.9
2021-11-26,2.9,-0.5,7.2,0.0,2.2,4.3,57.5,4.7,,1.4
2021-11-27,3.4,-1.4,10.1,,1.6,3.9,53.0,9.2,,0.0
2021-11-28,5.1,-1.3,12.4,,1.5,2.8,52.4,8.0,,4.0
2021-11-29,7.6,2.5,13.7,,1.6,2.9,62.0,4.7,,7.0
2021-11-30,5.7,0.7,8.9,27.2,3.7,8.4,80.4,0.0,,9.0
2021-12-01,-1.3,-3.0,1.5,,4.2,7.2,51.8,9.1,,0.6
2021-12-02,1.3,-4.6,5.0,0.1,2.1,4.6,68.9,4.1,,4.5
2021-12-03,1.9,-1.8,4.6,0.4,2.9,5.8,53.3,9.1,,1.4
2021-12-04,1.4,-2.7,7.0,,2.0,4.8,48.5,7.2,,1.0
2021-12-05,2.9,-2.3,9.6,,1.4,2.9,50.4,9.2,,0.0
2021-12-06,5.4,-0.7,12.1,,1.6,2.8,61.4,7.3,,4.1
2021-12-07,6.8,2.6,13.3,,1.2,2.6,68.3,8.3,,0.0
2021-12-08,6.7,1.9,13.3,,1.5,2.6,70.0,9.1,,1.6
2021-12-09,6.5,2.7,9.7,,2.2,3.5,70.3,1.4,,6.9
2021-12-10,7.0,5.8,8.2,0.7,2.1,3.4,81.5,0.0,,8.1
2021-12-11,6.0,4.4,9.8,,1.4,3.6,83.6,3.5,,8.1
2021-12-12,1.2,-3.8,5.1,,3.2,6.6,61.8,8.0,,2.5
2021-12-13,-2.2,-5.9,1.9,,2.3,4.1,43.8,9.1,,2.1
2021-12-14,3.7,-0.7,8.2,1.2,2.0,3.6,64.9,2.5,,9.0
2021-12-15,7.2,5.4,10.0,2.1,1.7,3.9,84.8,0.9,,7.3
2021-12-16,6.4,3.3,9.8,0.0,1.8,4.6,71.6,5.0,,7.1
2021-12-17,-5.6,-10.1,3.2,,4.6,8.1,50.5,8.7,,1.4
2021-12-18,-5.7,-11.2,-1.8,2.8,2.0,3.6,64.1,4.3,4.4,4.1
2021-12-19,-0.8,-5.8,4.2,0.2,2.0,4.9,63.8,8.9,4.6,0.6
2021-12-20,5.2,-0.9,11.1,0.0,2.1,5.1,77.9,6.1,1.8,4.6
2021-12-21,5.2,0.8,8.9,,2.0,4.4,70.9,6.0,,1.4
2021-12-22,2.2,-2.6,8.2,,1.7,3.3,47.4,8.9,,0.0
2021-12-23,2.7,-1.5,8.3,,1.4,2.8,53.5,6.9,,2.8
2021-12-24,-0.3,-7.3,3.2,0.2,2.6,6.2,65.3,0.0,,6.1
2021-12-25,-11.7,-14.4,-7.3,,3.9,7.0,42.4,9.1,,0.0
2021-12-26,-12.1,-15.5,-7.3,,3.1,4.8,43.5,9.1,,0.0
2021-12-27,-7.6,-12.9,-3.9,0.0,1.7,3.1,60.9,3.8,,3.1
2021-12-28,-4.1,-8.5,-0.9,,2.2,3.1,73.8,1.7,,4.1
2021-12-29,0.4,-3.8,5.9,0.2,2.6,5.9,72.9,1.8,0.3,5.1
2021-12-30,-3.9,-6.8,0.2,0.0,3.3,6.6,48.5,7.3,,2.0
2021-12-31,-6.7,-8.8,-3.9,,3.5,5.4,35.9,9.0,,0.0
2022-01-01,-4.3,-10.2,2.3,,1.5,2.8,46.3,9.0,,1.4
2022-01-02,-1.3,-5.2,3.0,0.3,2.3,4.6,57.9,5.4,0.5,4.1
2022-01-03,-1.9,-8.0,2.5,0.0,1.8,4.1,58.3,7.8,,4.9
2022-01-04,-2.5,-5.6,1.0,0.0,2.4,4.2,51.8,9.0,,0.0
2022-01-05,-2.8,-7.8,1.9,,1.7,2.9,47.6,1.9,,7.3
2022-01-06,-2.2,-5.9,3.3,,2.3,4.6,47.1,9.1,,0.0
2022-01-07,-1.6,-5.9,4.5,,1.5,3.0,47.1,9.1,,0.0
2022-01-08,0.3,-5.0,3.7,0.0,1.7,3.5,64.3,0.7,,5.9
2022-01-09,1.3,-1.2,5.6,,1.7,2.8,71.5,4.5,,3.1
2022-01-10,0.5,-3.4,4.4,0.9,2.0,3.4,68.3,3.9,0.9,7.0
2022-01-11,-7.4,-10.3,0.3,0.2,4.0,7.2,55.5,9.1,1.0,0.4
2022-01-12,-7.7,-11.3,-3.4,,2.4,4.2,47.8,8.6,0.2,2.8
2022-01-13,-6.4,-8.9,-3.1,,3.3,7.6,45.8,9.1,,2.3
2022-01-14,-4.8,-10.1,1.3,,1.7,3.2,41.8,9.1,,2.6
2022-01-15,-1.0,-5.3,1.8,0.0,1.9,3.1,48.3,0.9,,8.5
2022-01-16,-2.0,-7.2,2.4,0.0,3.3,5.7,54.5,8.8,,1.6
2022-01-17,-5.8,-9.2,0.1,0.5,2.2,4.1,59.9,4.5,0.8,2.5
2022-01-18,-5.6,-9.9,-0.7,,2.3,4.3,47.9,9.2,0.5,0.3
2022-01-19,-5.3,-7.7,-2.7,1.7,2.1,4.7,72.3,0.0,3.5,5.1
2022-01-20,-5.0,-9.8,0.9,,1.8,4.7,63.5,9.1,2.4,0.0
2022-01-21,-2.7,-8.7,4.6,,1.8,3.0,55.6,9.2,,0.0
2022-01-22,0.3,-5.0,7.1,,1.7,3.4,52.4,6.0,,5.9
2022-01-23,2.0,-0.6,6.7,,1.7,3.1,52.4,5.3,,4.8
2022-01-24,4.6,1.3,8.4,,3.5,5.5,56.0,4.0,,4.9
2022-01-25,2.8,1.9,4.5,0.7,2.3,4.9,80.0,0.0,,9.4
2022-01-26,1.3,-1.9,6.8,,2.2,4.6,62.8,8.4,,2.4
2022-01-27,-1.1,-4.6,4.0,,2.1,4.1,50.0,8.9,,2.1
2022-01-28,-2.7,-5.9,2.1,,2.8,5.1,51.6,9.2,,2.0
2022-01-29,-3.6,-7.2,0.9,,2.4,5.1,48.9,9.5,,0.8
2022-01-30,-2.8,-8.0,2.4,,2.2,4.6,45.4,9.6,,0.6
2022-01-31,-0.7,-6.8,4.8,1.2,1.9,4.3,59.0,8.0,1.8,3.3
2022-02-01,-1.3,-2.7,0.9,1.7,2.6,4.4,76.6,4.7,5.0,6.6
2022-02-02,-3.4,-6.0,0.0,,2.4,5.0,60.5,9.2,0.5,3.5
2022-02-03,-3.4,-6.9,0.4,,2.4,4.6,52.4,9.7,,1.5
2022-02-04,-5.2,-8.2,-0.7,0.0,3.1,6.5,53.3,7.3,,1.9
2022-02-05,-6.6,-9.7,-2.0,,3.1,6.8,48.8,9.1,,0.9
2022-02-06,-3.9,-8.4,1.7,,2.5,5.4,50.3,9.5,,1.0
2022-02-07,-2.5,-7.3,1.9,,1.8,4.6,51.3,6.5,,6.1
2022-02-08,-0.1,-4.1,5.6,,1.9,3.7,53.8,8.1,,1.5
2022-02-09,1.0,-4.3,7.2,,1.8,3.5,52.3,9.2,,5.5
2022-02-10,1.4,-3.2,6.7,,2.3,4.9,57.8,9.6,,1.6
2022-02-11,2.9,-2.6,8.8,,1.8,3.5,61.1,8.9,,2.6
2022-02-12,4.8,-0.1,10.4,,1.7,3.8,50.4,9.3,,3.5
2022-02-13,4.8,1.6,9.5,,1.8,3.5,44.9,3.0,,5.3
2022-02-14,2.5,-1.3,8.1,1.7,2.9,5.7,68.3,0.9,,6.6
2022-02-15,-4.7,-7.7,-1.3,0.0,3.8,5.7,58.0,3.0,,5.6
2022-02-16,-7.3,-9.6,-4.1,0.0,3.7,6.8,50.4,9.0,,0.9
2022-02-17,-6.2,-10.7,-0.5,,2.5,4.9,41.6,9.8,,0.0
2022-02-18,-1.2,-8.0,5.7,,2.0,3.6,40.4,8.6,,3.9
2022-02-19,-1.7,-6.2,3.7,0.1,2.9,6.6,52.9,2.9,0.1,6.5
2022-02-20,-4.8,-8.4,-0.5,,4.1,6.3,41.1,10.0,,0.1
2022-02-21,-3.0,-8.1,3.6,0.1,2.9,7.1,56.3,6.5,,2.5
2022-02-22,-4.5,-8.0,0.5,,3.2,5.6,43.3,8.0,,1.0
2022-02-23,-5.6,-10.0,-0.6,,2.6,5.5,38.5,10.2,,0.0
2022-02-24,-2.4,-8.5,3.7,,2.2,5.0,52.4,10.3,,0.0
2022-02-25,3.0,-3.6,8.4,,2.3,4.8,77.5,6.4,,3.8
2022-02-26,5.4,1.0,9.3,1.1,3.9,7.2,78.4,0.2,,8.0
2022-02-27,3.7,-1.6,9.1,,2.8,7.4,56.6,10.5,,0.0
2022-02-28,6.8,2.7,11.5,,1.5,3.3,62.3,3.4,,8.0
2022-03-01,5.8,0.3,9.7,2.3,2.3,5.4,70.5,2.5,,6.1
2022-03-02,3.5,-2.3,8.8,,2.7,6.3,55.9,10.7,,1.0
2022-03-03,5.8,0.9,12.4,,2.1,4.7,52.9,10.6,,0.0
2022-03-04,6.9,0.6,14.6,,3.6,8.8,60.5,3.7,,5.1
2022-03-05,2.3,-0.7,6.7,,4.3,7.5,38.4,10.5,,0.1
2022-03-06,1.4,-3.0,6.8,,2.6,4.9,39.5,10.8,,1.3
2022-03-07,2.8,-2.7,8.7,,2.0,3.9,45.8,7.0,,6.1
2022-03-08,6.0,1.1,12.3,,2.0,4.1,56.1,8.2,,4.9
2022-03-09,7.1,1.7,14.8,,1.9,4.2,69.6,8.7,,2.3
2022-03-10,9.3,4.2,15.8,,2.1,5.1,51.4,9.3,,6.6
2022-03-11,11.2,5.1,18.4,,1.9,3.3,58.4,5.9,,5.3
2022-03-12,12.8,6.3,19.5,2.6,2.7,5.2,72.1,3.2,,5.8
2022-03-13,11.7,10.7,12.6,42.1,1.9,4.8,95.5,0.0,,9.4
2022-03-14,8.2,4.9,13.2,8.7,3.2,6.2,90.3,0.0,,6.4
2022-03-15,7.2,2.3,13.3,,2.0,3.9,72.6,7.1,,3.8
2022-03-16,10.3,3.6,16.8,,2.1,4.3,62.6,8.1,,3.8
2022-03-17,10.7,7.8,15.1,1.2,2.7,5.9,62.0,1.9,,10.0
2022-03-18,7.5,5.5,9.6,0.0,4.4,7.1,60.8,0.0,,9.1
2022-03-19,3.4,0.9,6.1,14.6,3.0,4.9,84.6,0.0,0.7,8.9
2022-03-20,5.4,2.2,9.3,0.0,2.6,5.0,66.1,6.3,,5.1
2022-03-21,5.0,-0.3,10.9,,2.4,4.9,49.5,6.8,,7.5
2022-03-22,7.1,1.1,13.6,,2.2,5.1,48.9,11.0,,2.5
2022-03-23,6.2,4.9,8.2,,2.3,4.0,56.8,0.0,,9.0
2022-03-24,8.2,3.9,12.4,,1.8,3.9,70.6,0.7,,8.4
2022-03-25,12.0,6.3,17.2,10.9,2.6,6.1,70.0,1.3,,7.9
2022-03-26,11.8,9.5,14.7,19.8,2.9,6.0,80.9,0.9,,8.3
2022-03-27,8.1,5.0,12.6,,3.0,7.3,49.1,10.4,,0.3
2022-03-28,8.2,1.5,15.1,,2.1,4.7,35.6,11.7,,0.5
2022-03-29,9.7,3.3,15.6,,2.1,4.8,52.9,11.2,,1.4
2022-03-30,10.8,5.9,15.7,0.4,1.8,3.6,76.5,1.2,,7.0
2022-03-31,10.9,7.6,14.7,,2.5,4.7,63.5,3.3,,7.0
2022-04-01,9.2,4.5,14.9,,2.6,5.0,50.5,10.9,,1.1
2022-04-02,8.2,3.7,14.2,,2.3,5.4,55.0,11.8,,0.5
2022-04-03,9.6,3.5,17.0,,2.1,5.0,55.0,11.9,,0.0
2022-04-04,10.3,5.1,16.4,,2.3,4.8,50.3,11.6,,0.0
2022-04-05,10.3,4.9,15.8,,2.4,5.5,41.1,9.9,,6.1
2022-04-06,11.7,8.0,17.0,,2.5,4.4,52.3,8.6,,6.4
2022-04-07,10.9,7.4,15.7,,3.3,7.1,43.5,10.0,,2.4
2022-04-08,12.9,5.1,20.0,,2.1,5.0,49.0,12.0,,0.0
2022-04-09,17.8,12.4,24.2,0.5,3.0,6.7,43.8,9.0,,2.4
2022-04-10,18.2,12.7,25.1,,2.0,4.9,46.0,11.5,,1.5
2022-04-11,19.6,13.4,26.6,,2.4,4.6,60.4,10.2,,2.8
2022-04-12,19.3,15.9,26.4,0.5,2.8,6.4,77.9,6.0,,8.6
2022-04-13,13.1,12.0,15.9,1.3,4.4,8.4,69.3,0.0,,10.0
2022-04-14,13.2,11.4,15.3,,4.0,6.6,53.4,0.0,,9.3
2022-04-15,13.3,7.5,19.3,,3.0,5.7,46.8,12.2,,1.0
2022-04-16,13.2,7.1,20.2,,2.5,5.5,48.5,12.3,,0.3
2022-04-17,14.0,7.2,21.9,,2.3,5.2,53.8,11.7,,2.6
2022-04-18,15.2,11.4,21.6,,2.4,5.5,46.1,7.8,,4.8
2022-04-19,15.2,8.9,22.1,,2.4,5.2,51.9,12.1,,0.0
2022-04-20,15.7,9.7,22.1,,2.3,4.7,48.8,12.3,,0.0
2022-04-21,16.3,9.6,22.7,,2.8,5.9,48.4,6.3,,5.3
2022-04-22,15.0,13.2,16.8,,3.5,6.6,76.8,0.0,,8.5
2022-04-23,17.7,10.4,25.3,,1.7,3.5,57.3,9.1,,6.0
2022-04-24,18.5,15.0,24.5,0.3,2.3,5.0,72.5,7.0,,6.4
2022-04-25,20.0,17.0,23.6,1.3,1.4,3.2,80.5,0.3,,10.0
2022-04-26,21.9,17.0,28.7,1.0,3.1,6.7,57.9,9.5,,5.0
2022-04-27,17.7,12.6,23.9,,2.7,4.7,31.5,11.8,,0.4
2022-04-28,18.2,11.6,25.9,0.0,2.6,5.6,44.0,8.3,,5.8
2022-04-29,13.4,10.7,16.5,15.5,3.4,5.7,70.6,1.5,,8.8
2022-04-30,13.0,10.5,17.8,,2.9,6.6,68.0,0.8,,8.0
2022-05-01,13.4,7.9,19.2,,3.1,7.5,54.8,10.0,,1.3
2022-05-02,14.2,9.1,19.4,,2.4,5.2,56.5,10.4,,2.0
2022-05-03,14.8,9.1,20.8,,2.5,5.3,45.9,12.5,,1.0
2022-05-04,17.8,10.0,25.2,,2.7,5.7,43.3,12.6,,0.0
2022-05-05,18.9,12.5,25.8,,2.2,4.8,48.1,12.7,,0.5
2022-05-06,19.6,13.7,25.6,,2.5,5.1,67.1,10.3,,5.3
2022-05-07,18.4,15.3,23.1,0.5,3.0,5.9,52.4,6.8,,8.6
2022-05-08,15.3,11.7,18.2,2.0,2.8,5.2,51.8,0.0,,9.1
2022-05-09,17.9,11.0,25.3,,2.2,4.5,56.4,12.8,,3.1
2022-05-10,19.9,13.6,26.3,0.0,2.2,4.6,39.0,9.5,,7.3
2022-05-11,19.7,16.6,25.2,0.0,2.4,4.4,50.4,9.8,,6.9
2022-05-12,20.9,14.1,28.1,,1.9,4.8,51.5,11.4,,3.9
2022-05-13,19.4,15.0,25.2,,2.2,6.1,45.8,4.8,,5.9
2022-05-14,15.7,11.9,20.0,,3.3,6.3,45.5,10.8,,4.4
2022-05-15,16.2,10.5,22.4,,3.2,6.4,39.8,12.9,,2.0
2022-05-16,17.3,10.9,23.7,,2.8,5.9,56.3,13.1,,0.5
2022-05-17,20.0,13.0,27.4,,2.4,5.1,60.1,12.8,,0.3
2022-05-18,20.0,15.7,25.4,1.5,2.9,6.0,59.4,6.4,,4.3
2022-05-19,19.9,16.1,24.2,,3.0,5.4,53.6,7.8,,4.9
2022-05-20,20.6,15.6,25.8,,2.3,5.1,52.8,10.8,,5.0
2022-05-21,20.1,16.1,26.0,,2.5,5.1,70.8,9.3,,3.6
2022-05-22,20.3,15.7,25.8,,2.5,4.6,70.9,9.0,,3.8
2022-05-23,23.0,17.8,30.7,,2.3,4.3,63.5,10.4,,3.0
2022-05-24,22.9,16.7,30.2,,2.1,4.6,56.8,12.3,,3.4
2022-05-25,21.0,16.7,26.7,3.5,2.6,5.0,66.6,8.1,,6.5
2022-05-26,18.7,14.1,23.5,0.0,3.7,7.6,59.9,11.6,,4.5
2022-05-27,20.0,16.0,25.6,0.0,3.3,6.3,62.5,11.8,,2.4
2022-05-28,22.3,15.0,29.3,,2.8,6.8,54.1,12.4,,2.1
2022-05-29,23.1,19.3,29.7,,2.3,5.0,66.4,7.0,,6.0
2022-05-30,20.8,17.2,24.7,0.0,2.5,4.8,71.0,0.2,,7.9
2022-05-31,20.7,14.2,27.2,,2.5,6.6,42.4,12.0,,1.4
2022-06-01,22.1,16.2,28.6,,2.6,5.5,41.6,13.5,,0.6
2022-06-02,21.5,17.1,26.9,,2.7,4.5,67.4,10.4,,3.9
2022-06-03,24.5,18.7,32.6,,2.0,4.6,62.8,10.6,,4.1
2022-06-04,25.6,20.3,29.7,,1.7,2.8,57.0,6.2,,7.0
2022-06-05,22.7,20.2,27.0,0.0,2.3,4.3,59.8,0.1,,9.1
2022-06-06,19.7,16.7,24.5,4.3,3.2,5.7,69.0,5.5,,6.9
2022-06-07,20.6,15.1,25.1,0.0,2.7,5.2,54.5,6.2,,6.4
2022-06-08,21.2,16.2,25.8,,2.3,3.9,61.6,5.1,,6.4
2022-06-09,20.9,18.5,24.5,2.6,1.6,3.5,76.1,2.6,,5.5
2022-06-10,20.9,17.2,26.6,1.2,1.9,4.8,75.8,4.8,,5.6
2022-06-11,24.6,17.7,32.7,,2.2,4.7,59.6,10.7,,3.4
2022-06-12,24.6,18.9,31.5,,2.5,3.8,58.9,9.3,,5.8
2022-06-13,23.6,19.6,29.2,18.0,2.6,4.4,68.5,7.7,,7.5
2022-06-14,21.5,17.7,27.1,0.0,4.2,6.0,56.4,5.7,,7.8
2022-06-15,17.5,14.9,20.1,18.5,2.3,3.7,92.4,0.0,,9.8
2022-06-16,20.3,17.6,24.8,0.7,2.3,4.4,78.4,3.8,,5.6
2022-06-17,22.5,16.5,28.1,,1.9,3.7,76.4,3.2,,5.8
2022-06-18,23.3,22.0,25.1,0.0,1.7,4.0,79.6,0.0,,7.6
2022-06-19,23.4,22.3,25.1,,1.4,3.0,81.6,0.0,,8.6
2022-06-20,25.2,22.0,29.0,,1.3,2.8,76.6,1.8,,6.0
2022-06-21,26.5,21.2,32.6,,2.0,4.0,72.6,12.6,,3.1
2022-06-22,25.9,21.9,31.0,,2.1,4.2,71.1,7.4,,6.1
2022-06-23,24.3,23.3,26.4,103.0,2.8,6.4,89.1,0.0,,8.9
2022-06-24,22.6,20.6,24.9,19.1,3.5,5.4,90.9,1.7,,8.4
2022-06-25,26.0,21.5,30.5,,2.8,5.1,80.4,3.0,,7.5
2022-06-26,26.5,24.8,28.1,,2.6,5.0,82.1,0.0,,10.0
2022-06-27,26.8,25.4,28.1,6.1,2.8,6.0,84.4,0.0,,10.0
2022-06-28,26.9,25.7,27.9,6.3,5.8,9.9,81.9,0.0,,10.0
2022-06-29,25.1,24.4,26.1,37.8,4.1,9.0,95.5,0.0,,10.0
2022-06-30,22.3,21.2,24.5,176.2,2.3,4.6,99.3,0.0,,10.0
2022-07-01,26.6,21.9,30.9,,2.1,4.8,83.3,7.2,,5.6
2022-07-02,28.8,24.0,33.8,,1.7,3.4,72.8,10.8,,4.1
2022-07-03,29.3,24.4,34.2,,1.7,3.8,68.6,10.8,,4.6
2022-07-04,29.3,26.4,32.6,0.0,1.8,4.5,71.8,3.6,,6.9
2022-07-05,29.2,26.7,33.1,0.0,1.7,4.2,73.8,2.6,,7.5
2022-07-06,29.5,26.2,33.3,16.1,2.1,5.3,76.0,1.1,,7.3
2022-07-07,28.2,26.4,31.0,0.0,2.8,5.4,82.3,0.6,,9.3
2022-07-08,25.8,24.0,27.9,1.7,2.9,4.7,84.4,0.0,,9.5
2022-07-09,26.9,24.0,30.9,0.1,1.7,3.4,82.1,1.8,,7.0
2022-07-10,29.2,24.6,35.1,0.0,1.7,3.9,68.0,8.4,,5.6
2022-07-11,27.0,24.7,30.6,9.0,1.8,5.3,75.0,2.8,,6.3
2022-07-12,26.8,23.2,29.4,,2.2,3.6,73.1,0.8,,8.1
2022-07-13,25.0,24.0,27.1,114.5,1.8,3.9,93.9,0.0,,10.0
2022-07-14,25.7,23.3,29.9,0.9,2.3,4.1,84.6,3.9,,8.1
2022-07-15,26.0,23.0,30.3,,2.3,5.0,76.5,8.9,,5.3
2022-07-16,24.8,23.2,28.2,34.0,2.0,5.3,83.4,1.5,,8.3
2022-07-17,25.5,22.5,29.7,0.0,1.8,4.4,78.9,3.6,,7.3
2022-07-18,26.8,23.1,30.1,,2.2,3.9,76.0,5.2,,5.4
2022-07-19,27.4,24.3,31.1,,2.3,4.8,74.1,8.4,,6.3
2022-07-20,27.1,24.3,30.4,1.1,2.2,4.5,76.1,3.1,,9.0
2022-07-21,23.2,20.8,25.2,10.4,2.9,5.5,87.6,0.5,,8.9
2022-07-22,25.1,22.9,27.5,5.2,1.9,3.4,81.5,2.5,,7.5
2022-07-23,24.8,22.3,28.0,9.9,2.0,3.9,83.6,0.1,,9.4
2022-07-24,25.0,22.0,28.4,1.2,2.1,3.7,86.9,0.4,,9.5
2022-07-25,27.5,23.6,32.0,,1.9,3.6,75.0,9.6,,3.8
2022-07-26,28.9,24.4,33.1,,1.8,3.8,72.5,9.0,,5.0
2022-07-27,29.3,26.4,33.4,,2.0,4.4,66.3,6.0,,5.3
2022-07-28,29.7,25.1,34.4,,2.4,3.8,63.8,9.9,,3.5
2022-07-29,30.7,27.3,34.3,,2.2,4.4,68.1,7.6,,5.0
2022-07-30,30.9,27.3,36.1,1.0,2.6,5.6,68.4,9.4,,4.5
2022-07-31,27.2,25.4,29.0,47.2,2.5,3.9,85.8,0.0,,9.8
2022-08-01,28.6,25.4,32.4,30.0,2.4,4.6,82.4,3.2,,8.9
2022-08-02,26.8,25.5,28.5,33.5,2.8,4.9,90.0,0.0,,9.9
2022-08-03,27.1,25.2,30.0,51.1,2.8,4.6,90.1,1.3,,9.3
2022-08-04,28.9,26.0,32.9,0.0,2.5,4.0,79.3,8.7,,4.4
2022-08-05,29.4,27.0,32.7,0.0,2.6,5.2,76.6,6.3,,5.9
2022-08-06,28.7,27.4,30.3,13.6,1.7,3.3,85.3,0.4,,7.5
2022-08-07,28.9,27.2,31.7,0.9,2.4,5.6,82.1,0.6,,8.4
2022-08-08,26.8,,28.4,129.6,3.3,8.6,91.6,,,10.0
2022-08-09,25.1,22.0,26.5,123.1,2.6,5.7,96.0,0.0,,10.0
2022-08-10,24.7,21.4,28.8,7.6,1.6,4.5,85.3,3.1,,9.1
2022-08-11,25.0,23.4,27.5,38.8,1.6,3.1,87.9,0.8,,9.0
2022-08-12,27.0,23.0,32.4,,1.7,3.7,73.8,10.6,,4.5
2022-08-13,25.8,24.7,27.5,4.0,1.3,2.7,82.8,0.8,,8.9
2022-08-14,27.6,24.5,31.5,3.0,1.9,4.0,83.0,2.2,,7.8
2022-08-15,28.1,26.6,29.8,0.9,4.8,7.4,83.0,0.0,,9.5
2022-08-16,26.7,24.1,30.0,0.0,2.6,4.3,75.4,9.2,,4.8
2022-08-17,26.0,22.8,30.5,0.0,2.0,4.4,76.6,6.0,,4.0
2022-08-18,25.6,22.4,29.8,,1.9,4.1,75.8,2.6,,6.4
2022-08-19,26.0,23.3,27.5,66.1,2.3,5.4,86.1,0.0,,9.6
2022-08-20,28.2,25.7,32.0,0.0,2.4,4.4,80.0,9.6,,4.8
2022-08-21,28.1,24.7,32.0,,1.7,3.4,75.3,5.5,,5.9
2022-08-22,26.8,22.9,30.2,3.2,2.3,4.2,75.6,1.5,,8.4
2022-08-23,25.4,22.4,30.2,2.2,2.0,4.3,75.0,7.1,,5.4
2022-08-24,24.8,22.4,27.9,,2.5,4.4,66.9,2.0,,6.8
2022-08-25,22.2,21.1,24.0,1.6,1.8,3.4,78.0,0.0,,8.3
2022-08-26,23.8,19.9,28.4,,2.4,5.1,75.3,7.8,,4.5
2022-08-27,21.5,17.6,25.5,17.6,2.8,5.4,63.1,12.4,,1.3
2022-08-28,22.6,16.1,28.4,,1.7,3.2,59.4,12.1,,5.1
2022-08-29,21.0,19.5,22.5,2.2,2.3,3.9,74.0,0.0,,9.9
2022-08-30,19.1,17.9,20.3,35.8,2.6,4.1,96.3,0.0,,10.0
2022-08-31,21.7,19.6,24.9,0.0,1.8,4.5,83.3,2.5,,7.5
2022-09-01,24.0,18.3,30.4,,1.7,4.3,70.8,12.1,,1.0
2022-09-02,24.7,20.3,29.8,,3.1,5.3,61.8,11.6,,2.4
2022-09-03,24.2,20.5,29.2,,3.4,5.3,63.0,4.5,,6.6
2022-09-04,22.3,19.8,24.0,33.8,3.1,4.9,88.6,0.0,,9.6
2022-09-05,19.2,17.7,22.7,120.0,3.2,6.9,95.9,0.0,,10.0
2022-09-06,21.0,17.0,26.3,25.3,3.6,7.1,78.0,8.4,,3.9
2022-09-07,22.8,17.9,28.1,,1.9,4.0,65.3,11.9,,0.1
2022-09-08,23.2,16.7,29.5,,1.6,3.7,65.5,11.8,,2.1
2022-09-09,24.3,18.9,30.8,,2.0,3.8,59.1,11.1,,4.1
2022-09-10,23.6,19.0,28.4,,2.6,4.2,52.3,6.5,,7.9
2022-09-11,23.3,20.6,26.4,0.1,2.1,3.6,68.6,1.8,,8.9
2022-09-12,23.8,20.3,27.5,,1.6,3.2,76.1,3.5,,8.1
2022-09-13,24.3,21.8,26.4,0.0,2.5,4.3,73.0,0.1,,9.6
2022-09-14,24.6,22.7,27.9,0.0,4.6,8.0,56.9,1.1,,8.8
2022-09-15,25.2,22.0,28.3,0.1,3.6,5.2,66.9,3.4,,8.4
2022-09-16,25.7,23.4,29.9,14.6,2.9,4.8,78.6,1.8,,9.0
2022-09-17,25.6,23.3,29.4,4.3,1.4,3.3,83.1,3.8,,7.8
2022-09-18,27.1,23.0,32.5,,2.0,4.6,75.3,5.7,,6.5
2022-09-19,24.6,19.5,29.6,,3.3,6.6,63.1,6.9,,5.4
2022-09-20,19.9,16.1,24.6,,2.3,4.6,57.0,9.7,,2.1
2022-09-21,19.4,13.0,25.6,,1.8,3.6,56.9,11.0,,0.5
2022-09-22,19.8,14.2,24.7,,2.0,3.5,60.1,7.4,,4.0
2022-09-23,17.5,14.7,22.2,3.3,3.1,6.7,68.9,7.9,,3.0
2022-09-24,18.5,12.3,24.2,,1.8,3.9,64.6,10.7,,3.4
2022-09-25,19.6,15.4,25.2,,1.6,3.7,63.3,7.8,,6.4
2022-09-26,20.0,14.8,25.4,,1.7,3.5,58.5,8.7,,6.5
2022-09-27,20.9,14.0,28.0,,1.6,3.1,59.0,11.2,,0.5
2022-09-28,20.4,16.1,26.1,,1.8,3.0,71.0,5.0,,4.6
2022-09-29,20.4,16.4,26.5,,1.4,3.4,73.5,7.9,,2.5
2022-09-30,20.7,14.8,27.7,,1.6,3.2,68.0,10.6,,0.3
2022-10-01,20.9,14.4,27.6,,1.6,2.7,63.3,7.9,,5.4
2022-10-02,19.4,17.2,21.6,15.8,2.7,5.5,78.9,0.0,,9.9
2022-10-03,21.4,17.5,23.4,76.0,2.7,6.5,98.5,0.0,,10.0
2022-10-04,17.9,14.2,23.0,11.8,2.9,5.7,83.8,0.4,,9.8
2022-10-05,16.6,14.1,21.6,0.1,2.1,3.8,74.8,4.9,,7.5
2022-10-06,15.8,12.7,19.1,0.0,2.1,3.4,76.6,1.6,,8.9
2022-10-07,14.3,11.0,18.6,,2.5,4.7,69.5,7.6,,3.4
2022-10-08,15.8,11.1,21.6,,2.5,4.2,64.6,9.5,,2.9
2022-10-09,13.1,10.7,14.5,20.4,2.1,6.1,85.8,0.0,,8.8
2022-10-10,9.9,8.2,11.9,0.0,3.8,6.8,72.9,2.3,,7.4
2022-10-11,11.1,7.4,16.4,,2.2,4.7,69.1,10.3,,2.1
2022-10-12,13.5,6.5,20.6,,1.8,3.3,68.1,10.6,,0.0
2022-10-13,16.3,10.7,22.7,,1.5,3.0,69.6,10.4,,2.5
2022-10-14,17.1,12.4,23.0,,1.6,3.2,73.4,4.9,,7.9
2022-10-15,18.2,12.6,24.4,,1.4,4.3,68.5,8.2,,5.8
2022-10-16,16.9,15.1,20.5,,1.7,4.3,73.9,0.6,,8.8
2022-10-17,11.2,7.4,15.1,,3.4,6.3,50.3,10.1,,1.4
2022-10-18,9.4,5.0,14.2,,2.3,4.4,52.1,10.2,,0.0
2022-10-19,10.5,4.4,16.8,,1.8,4.2,57.8,10.2,,0.0
2022-10-20,12.9,6.0,19.7,,1.8,3.1,64.4,10.1,,2.1
2022-10-21,14.0,8.8,20.9,,1.7,3.6,68.8,8.8,,4.9
2022-10-22,15.1,10.5,20.8,,1.9,4.0,76.3,9.3,,4.3
2022-10-23,14.0,10.4,18.6,,2.7,4.4,65.0,7.7,,2.5
2022-10-24,10.6,7.5,14.8,,2.8,5.2,52.6,9.9,,0.3
2022-10-25,11.3,5.9,17.6,,2.0,4.1,56.5,9.9,,0.0
2022-10-26,12.9,8.0,17.8,,1.9,3.2,58.3,7.3,,4.9
2022-10-27,13.2,8.6,18.9,,1.7,3.9,71.8,9.2,,1.4
2022-10-28,13.6,8.2,20.6,,1.7,3.4,70.1,8.3,,1.5
2022-10-29,14.8,10.2,21.3,,1.8,3.5,65.9,9.3,,1.1
2022-10-30,14.9,10.4,21.3,,1.9,2.9,64.5,8.9,,1.1
2022-10-31,14.9,11.2,21.1,,2.1,3.2,69.8,7.6,,4.0
2022-11-01,13.1,9.4,17.8,,1.8,4.4,73.5,4.7,,3.4
2022-11-02,11.1,5.5,17.9,,1.7,4.4,57.1,9.6,,0.0
2022-11-03,9.3,5.6,13.4,0.0,2.0,5.2,58.1,0.6,,6.1
2022-11-04,4.9,1.6,9.8,,2.9,5.2,41.8,9.6,,0.1
2022-11-05,6.5,0.8,13.6,,1.7,3.9,51.3,9.7,,0.0
2022-11-06,9.6,3.7,16.4,,1.8,3.3,60.5,9.6,,2.6
2022-11-07,11.4,6.1,16.6,0.0,1.7,3.9,64.5,4.4,,5.9
2022-11-08,12.9,9.7,17.9,,1.5,3.7,68.3,8.1,,2.5
2022-11-09,11.4,6.7,16.0,,1.5,3.1,76.0,5.3,,6.1
2022-11-10,13.5,8.8,19.1,,1.3,2.9,74.5,7.9,,1.6
2022-11-11,15.6,10.9,22.1,,1.8,3.2,62.5,8.8,,0.9
2022-11-12,16.3,11.6,22.0,57.9,2.2,4.6,80.0,2.6,,8.1
2022-11-13,10.3,8.7,17.3,,2.6,6.3,85.6,0.0,,8.8
2022-11-14,9.7,5.9,13.8,,2.3,4.8,74.8,4.5,,5.3
2022-11-15,8.1,4.0,12.3,1.6,2.0,5.4,77.4,2.9,,6.5
2022-11-16,8.5,5.5,13.0,,1.7,3.9,71.3,8.3,,2.0
2022-11-17,10.2,5.4,16.6,,1.6,3.1,64.6,9.1,,1.3
2022-11-18,11.0,5.3,18.1,,1.6,2.7,69.6,9.1,,1.0
2022-11-19,12.9,8.7,19.2,,2.3,4.4,55.8,9.0,,3.1
2022-11-20,13.7,9.5,20.2,,1.7,3.0,58.3,9.1,,1.8
2022-11-21,11.8,9.3,16.2,,1.6,5.1,70.5,3.1,,3.4
2022-11-22,10.7,7.0,13.7,0.0,1.9,4.3,69.9,1.6,,8.8
2022-11-23,10.8,6.8,15.2,0.0,2.1,4.5,56.0,7.9,,3.3
2022-11-24,9.4,5.9,14.1,,1.5,3.2,65.6,6.5,,3.4
2022-11-25,12.3,7.1,17.8,1.7,3.0,5.8,67.1,7.6,,5.0
2022-11-26,6.7,1.0,12.9,,3.0,5.8,52.4,8.6,,0.3
2022-11-27,5.4,-1.1,11.5,,2.4,3.8,43.1,7.4,,2.4
2022-11-28,12.3,7.5,15.0,19.5,2.7,4.7,65.5,0.8,,8.4
2022-11-29,6.9,-1.6,15.0,3.8,3.5,6.5,67.0,2.0,,8.8
2022-11-30,-5.4,-8.1,-1.6,,3.9,6.5,49.1,9.1,,1.5
2022-12-01,-5.4,-9.4,-1.2,,2.4,4.3,43.4,8.1,,1.5
2022-12-02,-2.5,-7.6,3.0,,1.7,3.1,42.0,9.0,,1.8
2022-12-03,2.1,-0.3,7.0,1.1,2.6,5.1,70.5,2.6,1.0,6.6
2022-12-04,-3.5,-5.2,-0.2,,2.8,4.7,38.9,1.3,,6.9
2022-12-05,-3.1,-7.0,1.9,,2.4,4.8,41.9,8.6,,2.9
2022-12-06,0.9,-3.9,5.3,0.1,2.4,6.4,62.8,4.8,0.3,6.1
2022-12-07,4.9,1.2,9.0,0.1,2.7,6.5,60.4,7.8,,1.8
2022-12-08,3.7,0.1,9.1,,1.4,2.7,57.5,9.0,,1.0
2022-12-09,4.5,0.9,10.2,0.0,2.0,4.1,60.8,4.9,,3.4
2022-12-10,2.6,-0.6,6.7,,1.3,4.1,46.5,3.6,,6.1
2022-12-11,1.6,-1.5,6.8,,1.8,3.9,52.5,8.9,,0.9
2022-12-12,2.0,-2.0,6.3,5.4,1.7,4.2,73.4,2.3,,7.5
2022-12-13,0.0,-6.4,3.1,0.6,3.5,7.4,70.8,1.7,0.8,6.6
2022-12-14,-8.4,-11.0,-4.9,,3.2,6.9,50.1,8.9,0.5,1.4
2022-12-15,-4.5,-8.5,-1.3,2.4,2.5,5.0,79.1,0.0,4.5,7.3
2022-12-16,-6.3,-9.6,-2.2,,2.0,3.8,56.9,8.2,4.1,4.5
2022-12-17,-7.0,-9.8,-3.2,0.2,2.7,6.2,52.0,7.4,1.9,2.3
2022-12-18,-9.5,-12.4,-5.6,,2.6,5.8,47.1,9.0,1.5,0.0
2022-12-19,-7.0,-12.0,-2.5,,1.7,3.8,55.6,6.5,1.4,2.1
2022-12-20,-3.2,-9.5,2.9,,2.2,3.9,55.8,7.7,1.1,4.9
2022-12-21,-0.1,-2.6,2.6,3.6,2.7,5.5,82.4,0.0,3.5,8.5
2022-12-22,-7.8,-11.3,-2.6,,4.4,7.1,60.5,7.4,1.9,2.1
2022-12-23,-11.8,-13.7,-8.6,,4.3,6.7,60.5,8.4,1.8,2.0
2022-12-24,-8.4,-13.5,-2.0,,1.8,3.4,54.9,8.9,1.7,0.6
2022-12-25,-5.4,-9.6,0.2,,1.7,4.1,66.5,9.0,1.6,0.1
2022-12-26,-3.9,-7.9,1.7,,1.4,2.8,68.4,7.6,1.2,1.4
2022-12-27,-2.6,-7.3,3.3,,1.8,3.2,69.8,8.8,0.3,0.1
2022-12-28,-3.3,-6.0,0.1,0.1,2.5,4.9,58.1,8.7,0.4,3.3
2022-12-29,-2.9,-7.8,2.1,0.0,1.7,3.4,56.3,9.0,,3.3
2022-12-30,-1.8,-4.4,2.3,0.0,1.9,4.6,65.6,7.9,,1.4
2022-12-31,-1.2,-5.1,2.1,0.0,1.4,2.6,65.5,1.1,,7.4
2023-01-01,-0.2,-4.3,3.8,,2.7,5.3,55.0,9.0,,1.3
2023-01-02,-4.5,-7.4,-0.4,,2.5,4.4,46.0,9.1,,0.0
2023-01-03,-5.0,-9.0,0.6,,1.8,3.9,49.0,9.1,,0.0
2023-01-04,-1.8,-5.7,3.3,,1.9,4.2,51.0,8.7,,1.9
2023-01-05,-1.6,-5.6,3.6,,1.6,3.2,58.1,4.7,,3.6
2023-01-06,0.6,-4.7,5.7,3.9,2.2,4.1,71.9,7.1,3.6,5.8
2023-01-07,1.5,-1.4,3.8,0.1,2.2,4.4,80.9,1.0,3.6,5.6
2023-01-08,1.3,-3.7,6.3,,1.7,3.0,69.3,7.1,,3.0
2023-01-09,3.1,-1.3,7.0,,2.3,4.7,60.1,7.8,,3.3
2023-01-10,1.6,-3.9,9.1,,1.5,2.7,59.9,8.8,,1.4
2023-01-11,2.6,-2.0,9.2,,1.6,3.3,61.9,8.8,,1.4
2023-01-12,5.9,-0.6,12.5,0.0,2.2,3.4,46.6,9.0,,1.8
2023-01-13,8.3,5.1,10.1,37.3,2.5,6.3,99.1,0.0,,10.0
2023-01-14,6.6,3.8,8.4,1.6,2.5,5.7,92.9,0.0,,9.8
2023-01-15,-0.2,-3.5,3.8,3.2,2.8,4.3,93.9,0.0,0.6,10.0
2023-01-16,-4.6,-6.8,-1.2,0.0,2.7,4.3,63.1,8.8,0.3,2.8
2023-01-17,-3.7,-7.0,-0.4,0.0,1.8,3.0,65.1,0.2,,8.8
2023-01-18,-1.9,-4.6,2.2,0.0,2.0,4.4,60.5,8.9,,1.1
2023-01-19,-0.4,-6.0,4.3,1.0,2.5,5.2,69.3,3.1,,6.3
2023-01-20,-3.3,-7.7,2.0,,3.7,6.9,52.4,8.7,,0.3
2023-01-21,-4.5,-10.5,1.5,,1.8,3.5,55.4,8.5,,2.0
2023-01-22,-0.6,-2.8,2.6,0.0,2.6,4.8,62.8,0.3,,7.5
2023-01-23,-0.8,-6.9,4.6,,2.7,6.0,66.6,7.3,,5.3
2023-01-24,-14.7,-17.0,-6.9,0.0,4.6,7.0,51.9,9.4,,1.0
2023-01-25,-11.3,-17.3,-5.4,0.0,2.1,3.8,45.1,9.4,,1.6
2023-01-26,-6.0,-9.0,-3.5,0.8,2.5,4.1,80.1,0.0,4.5,8.5
2023-01-27,-7.3,-9.6,-3.8,,3.5,7.5,56.5,9.4,1.7,0.0
2023-01-28,-6.0,-11.2,-0.6,0.0,2.4,5.1,54.9,9.0,,1.0
2023-01-29,-1.8,-8.0,4.9,,2.6,5.9,58.3,5.2,,2.5
2023-01-30,-0.9,-4.4,4.2,,2.1,4.3,55.9,9.5,,0.0
2023-01-31,2.4,-3.5,7.8,,2.7,5.3,69.1,3.0,,5.4
2023-02-01,0.9,-3.0,6.0,,3.2,6.2,68.4,8.9,,2.5
2023-02-02,-2.4,-5.1,1.4,,2.5,4.3,50.3,7.6,,5.5
2023-02-03,-1.6,-3.9,3.4,,2.2,3.8,47.4,8.6,,3.0
2023-02-04,-0.2,-5.2,6.0,,2.0,4.6,49.8,8.2,,0.9
2023-02-05,1.7,-3.3,7.1,,1.8,4.0,71.0,7.0,,2.3
2023-02-06,3.0,-1.7,8.8,,1.6,3.4,72.3,7.1,,3.6
2023-02-07,3.5,-0.6,9.5,,1.5,3.2,72.9,6.4,,3.4
2023-02-08,2.1,-1.3,7.8,,2.5,4.3,62.1,9.5,,0.3
2023-02-09,4.0,-2.8,9.9,0.0,2.5,4.4,49.9,6.7,,6.5
2023-02-10,3.8,1.1,6.2,0.6,2.2,4.3,79.6,2.0,,6.1
2023-02-11,2.8,-1.2,8.5,,1.8,2.9,73.0,5.5,,3.4
2023-02-12,3.7,-0.9,7.6,,1.8,4.1,70.0,2.0,,6.9
2023-02-13,5.9,2.7,8.4,,2.3,4.2,66.5,0.8,,7.3
2023-02-14,1.7,-2.5,6.6,,2.7,4.8,54.9,9.5,,1.6
2023-02-15,3.2,-1.2,8.9,,2.5,4.5,46.4,9.4,,3.9
2023-02-16,2.3,-0.7,4.5,0.0,2.7,5.0,68.3,1.9,,5.4
2023-02-17,3.4,-1.5,9.8,,1.8,3.0,67.8,7.5,,5.0
2023-02-18,5.7,3.0,8.1,,1.5,2.6,58.3,0.0,,9.9
2023-02-19,3.5,0.2,6.1,0.4,3.3,6.8,56.1,7.0,,3.9
2023-02-20,-0.5,-3.5,2.4,,3.3,6.4,46.4,9.5,,0.0
2023-02-21,-1.3,-5.3,4.8,,2.1,4.7,42.4,10.0,,0.1
2023-02-22,1.2,-4.5,8.4,,2.2,3.7,50.6,9.2,,5.5
2023-02-23,2.9,-1.8,9.2,,1.9,4.0,65.5,10.0,,2.5
2023-02-24,3.5,-0.4,8.5,,3.0,6.5,57.9,9.8,,1.8
2023-02-25,0.7,-2.9,5.7,,2.9,4.9,44.0,10.2,,0.0
2023-02-26,2.2,-3.4,9.4,,2.1,4.4,46.6,10.4,,0.0
2023-02-27,4.4,-1.8,12.4,,1.9,4.1,47.4,10.5,,0.0
2023-02-28,4.3,-0.7,8.7,,2.0,4.5,63.4,3.0,,5.5
2023-03-01,6.0,2.9,9.0,,3.1,7.0,54.4,4.1,,5.4
2023-03-02,2.2,-1.8,6.6,,2.8,5.5,37.8,10.5,,0.0
2023-03-03,4.6,-1.9,10.4,,2.1,5.0,65.0,7.5,,3.8
2023-03-04,7.7,3.7,14.1,,1.9,3.5,68.4,8.7,,4.8
2023-03-05,8.0,2.5,15.4,,1.7,4.1,54.0,10.1,,0.0
2023-03-06,9.2,2.2,16.5,,2.1,4.7,41.9,10.0,,1.1
2023-03-07,11.7,6.3,19.4,,2.3,4.1,60.9,7.0,,2.1
2023-03-08,12.5,7.4,17.7,1.2,2.0,4.6,66.3,1.8,,7.0
2023-03-09,10.3,7.4,13.1,3.7,2.3,5.0,85.9,2.0,,5.1
2023-03-10,13.5,6.2,22.2,,2.1,3.4,62.1,9.6,,0.0
2023-03-11,15.2,10.2,22.8,,2.4,5.6,52.0,7.6,,5.9
2023-03-12,5.9,0.6,12.6,5.6,3.7,7.3,68.0,0.8,,5.9
2023-03-13,2.9,-1.9,7.6,,3.2,6.5,38.9,9.8,,3.1
2023-03-14,9.2,3.3,15.4,,2.9,6.5,45.9,9.1,,3.4
2023-03-15,8.6,3.5,14.4,,3.0,6.9,66.6,1.2,,6.4
2023-03-16,4.6,0.4,9.0,,2.4,4.5,36.8,6.7,,5.5
2023-03-17,7.2,0.7,12.7,,1.7,3.1,34.3,4.4,,8.0
2023-03-18,7.7,2.5,14.0,,2.6,5.8,46.4,9.9,,1.9
2023-03-19,8.3,2.3,15.2,,2.1,4.3,59.6,11.1,,0.4
2023-03-20,9.5,2.6,17.1,,1.6,3.7,50.4,10.0,,2.8
2023-03-21,13.0,5.0,22.2,,1.7,3.4,35.1,10.8,,1.1
2023-03-22,17.0,9.2,25.1,,1.8,4.6,44.8,6.2,,6.4
2023-03-23,17.4,12.3,23.3,0.0,2.5,5.7,48.9,5.3,,5.6
2023-03-24,12.5,7.6,18.3,,2.3,3.8,36.8,6.6,,8.0
2023-03-25,12.5,8.0,18.7,,2.3,4.5,59.9,5.7,,4.1
2023-03-26,9.4,4.7,14.0,,3.6,5.9,34.0,11.1,,0.8
2023-03-27,7.3,1.9,14.5,,2.3,5.6,44.8,11.1,,1.1
2023-03-28,9.2,2.8,15.7,,2.1,4.6,53.3,7.4,,2.9
2023-03-29,11.8,5.1,19.7,,1.9,4.6,50.3,11.0,,0.3
2023-03-30,13.3,6.4,21.2,,2.2,4.4,42.5,11.5,,1.1
2023-03-31,15.0,7.5,23.9,,2.1,4.6,42.5,11.2,,0.0
2023-04-01,17.5,9.4,25.6,,1.8,4.5,40.4,10.8,,1.8
2023-04-02,18.8,11.9,25.2,,2.4,5.9,29.6,11.7,,0.4
2023-04-03,19.0,11.3,25.9,,2.3,4.3,29.4,11.0,,4.1
2023-04-04,17.6,12.7,21.7,6.9,2.6,6.1,40.4,1.6,,9.1
2023-04-05,11.9,8.7,14.9,50.3,3.4,5.8,97.8,0.0,,10.0
2023-04-06,8.8,7.4,9.7,2.7,2.5,4.6,94.6,0.0,,9.8
2023-04-07,8.9,4.6,15.7,,2.9,7.0,65.0,10.4,,1.5
2023-04-08,8.8,3.1,14.9,,3.2,7.0,51.1,11.9,,0.4
2023-04-09,10.8,3.5,17.8,,2.5,6.0,56.8,12.0,,0.0
2023-04-10,13.2,6.2,19.1,,2.7,6.3,50.8,10.1,,2.6
2023-04-11,13.1,9.2,17.4,2.9,3.6,9.3,73.4,0.0,,6.5
2023-04-12,10.1,4.8,15.3,,2.7,7.2,45.1,10.7,,0.8
2023-04-13,11.9,5.1,17.2,0.0,1.8,3.5,45.0,4.4,,5.1
2023-04-14,16.2,11.9,21.3,,1.6,4.5,58.6,3.3,,8.1
2023-04-15,13.5,9.3,16.6,4.6,2.2,4.4,81.8,2.3,,7.4
2023-04-16,10.8,7.5,16.1,0.0,2.5,6.6,71.4,3.2,,6.9
2023-04-17,13.1,6.8,18.1,,2.0,4.2,59.0,6.1,,6.1
2023-04-18,14.0,10.7,18.4,1.5,2.7,5.3,78.6,3.6,,6.4
2023-04-19,19.1,11.5,28.4,,2.4,4.6,66.1,12.3,,2.3
2023-04-20,15.8,14.5,18.9,0.5,2.4,4.6,92.1,0.0,,9.5
2023-04-21,16.7,11.4,22.8,,2.5,4.9,50.4,7.8,,3.8
2023-04-22,16.9,12.2,22.5,,2.6,5.0,22.9,5.6,,7.6
2023-04-23,16.1,10.7,22.1,,2.1,4.8,34.1,4.4,,8.0
2023-04-24,15.8,11.5,21.3,,2.7,5.1,40.5,7.8,,5.8
2023-04-25,10.9,9.0,13.2,0.4,1.9,4.3,68.6,0.0,,9.4
2023-04-26,10.2,7.4,13.5,0.0,3.1,5.7,69.9,4.1,,4.5
2023-04-27,12.9,5.1,20.0,,1.9,4.2,61.6,12.2,,0.5
2023-04-28,15.7,9.0,21.3,1.9,2.1,5.4,62.0,8.4,,6.4
2023-04-29,13.2,9.9,15.8,25.1,2.9,6.4,88.1,0.8,,9.6
2023-04-30,12.7,7.9,17.9,0.1,3.3,5.9,72.9,5.8,,6.1
2023-05-01,14.6,9.8,20.8,,2.5,5.2,57.0,11.4,,3.0
2023-05-02,16.7,9.1,23.7,,2.1,3.8,40.5,8.2,,6.6
2023-05-03,19.5,12.4,26.2,,2.1,4.9,52.5,10.4,,4.5
2023-05-04,21.4,15.6,25.8,,2.1,4.2,65.5,2.5,,7.9
2023-05-05,18.4,15.5,21.6,30.2,2.5,5.5,95.3,0.0,,10.0
2023-05-06,12.6,11.7,15.5,47.5,5.4,8.6,85.6,0.0,,9.3
2023-05-07,14.4,11.1,18.6,,2.6,4.8,47.1,2.2,,7.1
2023-05-08,15.3,7.9,22.0,,2.2,4.8,55.3,12.7,,2.4
2023-05-09,17.0,10.0,24.4,,2.3,5.1,55.4,12.8,,0.9
2023-05-10,18.4,10.7,26.0,,1.8,3.7,53.3,12.7,,2.5
2023-05-11,19.5,12.8,26.7,,2.3,4.6,50.1,12.9,,2.9
2023-05-12,18.4,13.1,24.7,,1.8,3.6,50.9,6.7,,5.0
2023-05-13,17.8,12.6,23.9,0.0,2.0,4.7,62.0,8.8,,3.6
2023-05-14,18.1,12.9,23.8,,2.0,4.7,56.5,9.6,,1.6
2023-05-15,20.6,12.8,27.9,,2.4,4.6,54.6,11.6,,2.0
2023-05-16,24.0,17.2,31.2,,2.5,5.0,51.9,12.1,,2.1
2023-05-17,23.5,18.6,28.7,,3.4,7.2,63.6,11.4,,4.6
2023-05-18,21.2,18.8,27.6,1.3,2.1,4.6,74.8,1.4,,7.1
2023-05-19,22.3,16.7,27.8,,2.3,4.5,61.4,9.4,,2.4
2023-05-20,21.2,16.6,26.7,,3.0,6.7,66.9,9.7,,5.0
2023-05-21,17.8,15.3,21.9,0.2,3.0,4.8,74.0,5.8,,9.0
2023-05-22,20.3,15.9,26.8,0.0,1.9,4.2,61.3,7.9,,6.3
2023-05-23,20.5,14.1,26.9,,2.2,4.4,48.0,13.2,,0.6
2023-05-24,20.6,14.8,25.9,,2.0,3.8,49.8,6.2,,7.0
2023-05-25,21.2,15.7,27.4,0.0,2.4,5.6,46.6,10.4,,5.4
2023-05-26,21.4,15.8,27.3,0.5,2.1,4.9,57.4,10.7,,7.0
2023-05-27,19.3,18.6,20.7,31.8,1.7,3.3,87.4,0.0,,9.6
2023-05-28,19.2,18.4,20.2,41.8,1.8,5.3,98.9,0.0,,10.0
2023-05-29,23.2,19.0,28.5,2.3,1.6,3.0,83.4,4.1,,6.8
2023-05-30,24.0,20.5,28.9,,2.2,4.9,69.5,3.7,,6.5
2023-05-31,22.8,18.8,28.2,,2.5,4.3,60.8,7.1,,6.5
2023-06-01,22.8,19.7,26.3,,1.9,3.4,66.9,2.2,,8.3
2023-06-02,20.4,17.9,25.0,0.0,2.3,4.7,77.4,5.2,,3.5
2023-06-03,22.0,16.6,27.8,,2.7,6.0,60.1,13.3,,2.1
2023-06-04,22.1,16.9,28.0,,2.4,5.7,61.0,11.1,,3.3
2023-06-05,21.5,17.6,26.3,,2.6,5.5,66.9,10.9,,4.4
2023-06-06,20.3,17.3,25.2,0.0,2.6,5.5,72.9,7.9,,6.1
2023-06-07,21.4,18.9,25.7,0.0,2.1,3.6,75.3,1.0,,8.9
2023-06-08,20.4,18.3,23.9,1.9,2.4,4.9,80.5,0.9,,8.4
2023-06-09,23.3,18.3,28.4,1.2,2.0,4.4,64.0,11.8,,4.6
2023-06-10,23.2,19.6,28.5,0.8,2.3,7.5,70.0,5.6,,6.9
2023-06-11,22.1,17.9,27.3,32.2,2.2,3.9,76.1,6.4,,6.1
2023-06-12,22.2,18.4,27.5,0.0,1.7,4.5,70.5,6.7,,6.6
2023-06-13,22.0,19.2,26.0,0.0,2.2,5.0,70.0,9.9,,3.9
2023-06-14,20.6,17.5,25.0,30.6,1.5,3.6,80.3,4.2,,4.1
2023-06-15,22.7,17.7,28.3,,2.1,4.7,70.8,8.8,,2.9
2023-06-16,23.7,19.1,28.9,,2.1,4.2,64.4,12.5,,0.9
2023-06-17,24.2,18.9,30.2,,2.0,4.1,57.1,10.8,,4.4
2023-06-18,25.9,20.8,32.6,,2.0,4.1,60.5,12.3,,3.4
2023-06-19,28.5,23.3,34.0,,2.2,4.3,57.8,11.0,,3.3
2023-06-20,24.7,21.4,26.4,6.4,1.9,5.3,64.5,0.0,,8.8
2023-06-21,20.5,19.2,22.1,24.9,2.1,3.5,92.6,0.0,,9.4
2023-06-22,22.5,18.9,26.4,0.0,2.2,4.9,77.1,6.9,,6.3
2023-06-23,24.4,20.0,29.9,,1.5,3.2,76.6,5.3,,5.0
2023-06-24,26.4,21.9,31.1,,2.0,4.0,70.5,9.7,,1.5
2023-06-25,28.2,22.8,33.1,,2.1,4.0,64.9,8.7,,5.8
2023-06-26,24.2,22.3,27.5,30.3,2.9,6.0,88.6,0.0,,10.0
2023-06-27,25.3,21.4,29.1,2.5,3.2,6.1,73.1,6.8,,6.5
2023-06-28,26.5,24.2,30.1,0.0,2.5,4.1,77.4,3.8,,8.1
2023-06-29,24.2,23.2,25.9,63.8,2.3,4.9,95.4,0.0,,10.0
2023-06-30,25.3,23.2,29.1,1.0,1.8,3.3,89.8,1.4,,7.4
2023-07-01,27.7,23.3,32.9,,2.0,4.5,76.9,12.4,,1.4
2023-07-02,26.7,23.5,30.6,,1.9,3.3,79.5,4.3,,6.6
2023-07-03,29.1,24.1,34.9,,1.8,4.1,72.0,8.8,,4.9
2023-07-04,26.1,24.5,29.2,61.8,2.3,4.9,86.8,0.0,,9.8
2023-07-05,24.5,22.1,27.1,15.3,3.7,7.0,82.6,4.5,,5.9
2023-07-06,27.3,22.4,31.8,,2.7,5.9,70.9,8.8,,6.3
2023-07-07,26.7,23.3,31.4,,2.3,5.7,64.9,8.7,,4.1
2023-07-08,25.6,22.4,29.7,,2.2,3.9,76.5,1.6,,7.6
2023-07-09,24.7,21.6,27.0,47.5,2.0,6.1,86.4,1.1,,8.8
2023-07-10,26.3,22.9,30.9,11.5,2.3,5.8,80.4,5.9,,7.3
2023-07-11,23.5,21.6,25.9,58.3,1.9,5.2,92.4,0.0,,9.4
2023-07-12,25.8,22.0,29.1,0.7,1.5,3.4,86.4,1.2,,9.4
2023-07-13,25.2,24.7,26.5,91.6,1.6,3.5,95.0,0.0,,10.0
2023-07-14,24.6,23.9,25.1,72.7,2.9,4.8,99.1,0.0,,10.0
2023-07-15,24.5,23.7,25.7,2.3,3.0,5.8,93.5,0.0,,9.9
2023-07-16,24.6,23.7,25.4,9.7,2.3,5.0,89.5,0.0,,9.3
2023-07-17,25.5,23.7,27.8,1.4,1.7,4.2,86.1,0.4,,9.0
2023-07-18,25.2,24.1,27.7,2.3,1.4,3.1,87.9,2.0,,8.0
2023-07-19,27.2,22.5,32.4,,1.7,4.7,78.8,11.5,,2.3
2023-07-20,27.9,24.0,32.8,,1.8,3.9,74.0,9.9,,2.9
2023-07-21,29.5,24.6,34.3,,1.8,3.5,69.6,10.2,,2.3
2023-07-22,27.7,24.6,32.5,12.3,2.6,5.2,73.9,6.4,,6.6
2023-07-23,25.2,24.5,25.8,40.2,2.1,4.4,94.3,0.0,,10.0
2023-07-24,26.9,24.6,30.0,0.4,2.0,3.5,83.1,3.2,,7.3
2023-07-25,27.8,25.8,30.5,5.6,2.7,5.6,80.5,3.5,,7.1
2023-07-26,27.6,24.9,31.1,1.0,2.2,4.9,80.9,3.0,,7.6
2023-07-27,28.4,24.4,32.2,0.0,1.9,3.5,78.1,6.8,,5.9
2023-07-28,29.5,25.4,34.1,,2.1,4.3,72.4,9.5,,3.3
2023-07-29,29.1,26.1,33.3,,2.0,4.8,72.1,6.8,,4.4
2023-07-30,28.8,24.9,34.9,25.0,1.9,4.8,72.5,9.1,,4.8
2023-07-31,28.7,25.6,33.4,0.3,1.7,4.0,76.3,6.5,,6.4
2023-08-01,29.9,25.5,34.2,,1.9,3.1,71.6,10.3,,4.1
2023-08-02,29.7,26.8,33.7,,2.1,4.8,67.8,11.2,,4.0
2023-08-03,29.5,25.8,33.8,,2.1,4.0,67.0,11.0,,3.9
2023-08-04,30.0,26.5,34.4,,1.9,3.9,67.6,9.6,,4.3
2023-08-05,30.3,26.4,34.9,,2.0,4.7,69.0,12.7,,2.8
2023-08-06,29.8,27.0,33.0,4.9,1.7,7.7,76.5,3.8,,5.8
2023-08-07,30.4,27.3,34.6,,2.7,4.5,68.4,5.8,,4.4
2023-08-08,30.9,26.4,35.8,,2.9,4.3,60.5,11.0,,2.4
2023-08-09,28.3,25.1,31.6,0.2,3.2,5.9,67.6,3.3,,8.0
2023-08-10,22.2,20.9,25.1,86.1,3.7,8.9,91.9,0.0,,10.0
2023-08-11,23.5,21.6,24.9,46.7,2.3,6.2,93.1,0.0,,10.0
2023-08-12,23.3,22.5,24.1,1.5,1.9,3.2,91.0,0.1,,8.9
2023-08-13,27.0,22.6,31.1,,1.7,2.8,76.9,2.7,,8.3
2023-08-14,28.1,24.8,31.9,,1.6,3.9,75.4,3.9,,4.0
2023-08-15,28.6,24.7,32.7,,2.3,4.7,71.4,7.7,,6.5
2023-08-16,27.3,24.7,31.6,0.3,2.1,3.8,72.0,3.7,,4.5
2023-08-17,28.2,24.5,32.4,,1.7,3.2,73.0,6.2,,4.6
2023-08-18,29.1,25.5,33.3,0.1,1.9,3.9,72.1,7.3,,3.1
2023-08-19,29.1,26.4,33.6,,1.9,4.1,68.9,9.1,,3.9
2023-08-20,28.3,25.5,31.8,0.0,1.6,3.1,71.8,3.6,,7.3
2023-08-21,29.5,26.0,33.6,0.0,2.4,5.4,69.8,6.4,,6.6
2023-08-22,27.6,25.8,32.2,42.6,2.4,7.2,80.3,1.3,,9.0
2023-08-23,24.8,23.2,27.2,41.8,2.2,4.4,91.3,0.1,,9.6
2023-08-24,25.1,22.3,27.8,5.2,2.8,4.1,84.8,1.5,,9.0
2023-08-25,26.5,24.0,30.0,0.0,2.6,4.7,77.9,8.3,,5.0
2023-08-26,26.4,23.3,30.3,,1.8,4.0,72.3,7.3,,6.4
2023-08-27,26.1,22.7,29.6,0.0,1.8,3.2,75.0,1.2,,8.9
2023-08-28,22.7,20.8,25.6,10.4,3.3,5.1,87.5,0.0,,10.0
2023-08-29,23.9,22.5,25.5,54.8,2.1,3.9,89.6,0.0,,9.4
2023-08-30,22.8,21.5,24.5,3.5,1.1,2.4,88.0,0.0,,9.8
2023-08-31,23.9,21.0,28.9,,1.3,3.5,76.9,7.0,,6.0
2023-09-01,24.5,19.7,29.6,,2.0,3.7,70.6,12.1,,0.5
2023-09-02,25.4,19.7,30.8,,1.6,3.7,63.9,11.3,,4.6
2023-09-03,25.8,23.1,28.8,0.1,2.2,3.3,77.8,1.9,,8.1
2023-09-04,27.0,24.3,30.2,0.3,1.8,3.5,79.9,0.7,,9.1
2023-09-05,28.5,25.0,32.8,0.0,1.8,3.9,69.5,7.0,,6.4
2023-09-06,27.9,24.0,32.1,,2.4,4.4,65.1,11.3,,1.1
2023-09-07,26.3,20.9,31.6,,2.5,4.4,54.8,12.1,,0.0
2023-09-08,25.3,19.6,30.5,,2.3,4.5,60.3,12.0,,0.4
2023-09-09,25.8,20.8,31.2,,1.8,4.1,66.3,10.9,,3.3
2023-09-10,25.7,22.0,29.6,,1.6,3.4,68.1,5.7,,6.1
2023-09-11,25.5,23.1,29.8,,1.9,3.8,67.3,5.1,,6.5
2023-09-12,25.7,21.7,29.8,,1.5,3.4,69.8,3.5,,7.4
2023-09-13,22.1,19.6,24.6,15.9,1.8,4.2,84.5,0.0,,9.9
2023-09-14,23.4,19.2,27.2,,2.4,4.1,72.4,4.2,,7.6
2023-09-15,22.3,20.3,24.3,2.1,2.6,3.9,82.3,0.1,,9.8
2023-09-16,23.9,22.0,26.6,38.7,1.7,2.6,87.8,0.1,,9.9
2023-09-17,24.7,22.0,28.0,3.0,1.4,3.3,84.8,3.3,,8.0
2023-09-18,24.7,22.1,28.9,,1.9,5.0,79.1,4.9,,3.8
2023-09-19,24.1,21.6,27.2,,1.6,3.6,81.1,1.3,,8.6
2023-09-20,20.6,18.8,23.9,35.8,2.7,5.1,90.4,0.0,,9.4
2023-09-21,20.1,17.5,23.6,0.0,2.3,5.2,70.9,2.4,,7.1
2023-09-22,20.5,15.2,26.7,,1.7,3.3,68.4,10.4,,2.0
2023-09-23,21.8,16.3,27.6,,2.5,4.6,63.9,10.9,,4.6
2023-09-24,21.8,17.9,26.2,,2.9,4.7,56.4,9.0,,5.4
2023-09-25,21.6,17.9,26.0,1.9,2.3,3.4,66.4,1.3,,9.6
2023-09-26,19.9,18.6,20.8,27.8,2.4,3.5,95.8,0.0,,10.0
2023-09-27,21.5,20.0,23.7,4.4,1.8,3.1,90.1,0.1,,9.1
2023-09-28,22.7,19.6,27.3,,2.0,3.7,78.3,8.4,,5.0
2023-09-29,21.1,17.4,26.9,,1.4,3.9,61.5,5.5,,7.1
2023-09-30,19.7,17.1,22.2,4.5,2.2,5.1,77.0,1.6,,6.1
2023-10-01,18.4,14.4,23.7,,2.4,4.3,59.5,10.4,,0.1
2023-10-02,18.2,12.9,24.6,,1.7,5.1,53.8,10.3,,2.0
2023-10-03,17.5,14.4,22.5,,1.7,3.0,66.3,3.0,,4.9
2023-10-04,17.3,14.2,23.2,14.7,2.1,6.4,75.5,5.3,,5.8
2023-10-05,14.2,9.9,19.2,,2.6,4.4,46.1,10.6,,2.3
2023-10-06,15.5,9.6,21.5,,1.6,3.3,55.3,8.8,,5.6
2023-10-07,16.8,11.7,21.2,,2.1,3.6,62.6,5.2,,7.8
2023-10-08,17.1,15.2,19.5,0.0,2.5,3.5,67.1,0.0,,8.4
2023-10-09,17.4,14.1,22.4,1.2,1.9,4.5,68.1,4.2,,6.0
2023-10-10,17.1,11.9,23.5,,1.6,3.3,67.1,10.6,,0.0
2023-10-11,17.6,12.9,24.0,,1.7,2.9,57.5,10.0,,0.5
2023-10-12,17.5,12.0,24.1,,1.5,2.9,62.4,7.3,,4.1
2023-10-13,17.5,14.3,21.5,,1.5,3.2,69.6,2.5,,7.6
2023-10-14,14.7,12.9,18.2,5.8,1.4,3.0,84.9,2.5,,5.5
2023-10-15,16.1,10.9,21.2,,2.0,4.3,80.0,6.1,,2.0
2023-10-16,14.7,10.7,19.6,,2.4,3.8,57.0,10.4,,0.0
2023-10-17,13.8,7.5,20.9,,1.6,2.9,55.6,10.4,,0.0
2023-10-18,15.7,9.2,21.6,,2.1,4.7,67.0,8.3,,4.0
2023-10-19,17.0,14.9,18.9,8.2,1.5,3.9,82.5,0.0,,9.5
2023-10-20,11.6,7.2,15.1,,3.2,6.4,46.9,10.1,,1.3
2023-10-21,10.4,5.9,16.6,1.1,2.3,5.6,54.8,8.6,,1.1
2023-10-22,12.5,5.4,18.7,,1.7,4.6,67.3,8.6,,4.3
2023-10-23,15.2,11.1,21.4,,1.7,3.4,73.8,6.5,,3.8
2023-10-24,15.6,11.2,19.3,,1.7,3.4,78.5,3.7,,5.0
2023-10-25,16.6,12.7,21.9,,1.4,3.0,78.6,6.0,,4.0
2023-10-26,17.2,14.6,21.1,0.0,2.1,4.8,79.4,0.8,,8.9
2023-10-27,15.7,12.6,20.2,,1.9,3.6,71.1,4.6,,3.8
2023-10-28,14.2,9.4,20.7,,1.4,2.8,62.9,9.7,,0.0
2023-10-29,14.9,9.8,21.8,,1.7,2.8,61.6,9.7,,0.0
2023-10-30,15.1,9.7,21.9,,1.7,3.1,72.0,9.3,,1.1
2023-10-31,16.5,12.7,20.8,,1.8,3.9,76.0,5.2,,5.8
2023-11-01,19.0,17.2,20.6,0.0,2.4,4.4,81.8,0.0,,9.0
2023-11-02,20.8,18.7,25.9,,2.9,5.7,70.9,8.0,,4.6
2023-11-03,19.5,17.7,22.4,8.5,2.8,5.1,83.3,1.2,,7.9
2023-11-04,17.4,14.1,20.9,,2.6,4.4,75.5,2.8,,5.6
2023-11-05,17.3,15.1,20.4,10.4,3.3,5.1,87.0,0.0,,9.1
2023-11-06,13.3,6.6,19.3,45.8,4.9,9.1,84.9,0.8,,9.4
2023-11-07,5.8,3.6,9.9,0.0,3.2,8.5,62.5,8.4,,1.6
2023-11-08,8.4,1.8,16.1,,1.7,3.0,55.1,9.4,,2.6
2023-11-09,11.4,5.9,18.4,5.1,2.1,5.3,73.1,2.1,,5.6
2023-11-10,3.4,0.5,9.1,,3.9,7.7,53.1,9.0,,1.1
2023-11-11,1.7,-1.9,6.7,,2.2,3.8,47.9,7.0,,1.9
2023-11-12,1.2,-2.0,5.7,,2.2,4.5,53.8,9.5,,0.0
2023-11-13,2.0,-2.2,6.7,,2.3,4.1,54.0,9.5,,0.0
2023-11-14,5.0,-0.8,10.8,,1.7,4.1,66.1,9.3,,2.3
2023-11-15,7.0,2.0,12.5,,1.5,4.5,71.4,6.9,,4.0
2023-11-16,6.6,5.7,7.4,8.4,1.9,4.7,85.0,0.0,,9.0
2023-11-17,1.6,-1.9,5.9,0.0,2.9,6.5,59.3,5.0,,4.3
2023-11-18,0.6,-3.8,5.7,,3.5,6.0,58.9,9.3,,0.0
2023-11-19,5.9,-0.3,13.4,,2.4,5.0,68.3,5.4,,2.6
2023-11-20,6.2,1.8,12.8,,1.5,3.3,58.4,9.3,,0.0
2023-11-21,7.4,1.4,14.8,,1.7,3.1,59.6,9.3,,0.0
2023-11-22,9.5,2.9,15.1,,1.8,2.8,68.1,6.5,,4.0
2023-11-23,9.9,1.9,14.6,0.1,3.3,7.2,71.1,5.0,,4.4
2023-11-24,-1.5,-4.4,2.2,,3.8,6.0,51.8,8.6,,0.3
2023-11-25,-1.3,-5.9,4.0,,1.8,3.7,42.8,9.1,,1.8
2023-11-26,4.0,-0.1,7.2,0.0,1.4,2.8,43.6,1.4,,8.9
2023-11-27,6.2,4.4,9.3,3.6,2.4,4.8,82.9,0.9,,6.8
2023-11-28,1.3,-1.2,5.2,,3.3,5.5,58.0,6.3,,2.3
2023-11-29,-1.4,-4.0,3.0,,2.6,5.5,59.0,2.7,,4.4
2023-11-30,-4.3,-7.3,-0.5,,2.8,4.4,48.5,9.2,,0.0
2023-12-01,-3.2,-6.8,0.7,,2.0,4.5,55.3,9.2,,0.1
2023-12-02,2.0,-4.4,8.0,0.0,2.4,6.1,60.8,4.0,,4.0
2023-12-03,0.8,-2.8,6.0,,1.7,3.2,56.3,9.1,,0.0
2023-12-04,2.7,-3.0,9.4,,1.6,2.8,59.5,8.2,,2.5
2023-12-05,6.8,3.8,12.6,,2.0,4.0,55.4,6.8,,3.8
2023-12-06,6.1,3.9,8.7,3.8,2.3,4.8,76.1,0.0,,6.3
2023-12-07,6.6,0.8,11.4,,2.6,6.1,64.0,6.7,,1.9
2023-12-08,11.2,5.1,16.8,,3.0,7.6,73.4,5.3,,1.4
2023-12-09,13.7,11.7,16.2,,2.0,3.8,82.9,0.8,,8.3
2023-12-10,11.4,6.7,15.5,0.0,,,67.9,,,5.6
2023-12-11,8.9,5.0,12.3,11.4,,,82.9,0.0,,10.0
2023-12-12,5.4,3.5,9.3,0.4,2.7,7.7,75.6,3.5,,4.9
2023-12-13,6.8,2.6,10.3,,2.4,4.3,74.1,2.3,,6.3
2023-12-14,7.6,6.2,9.1,17.0,4.5,7.2,85.8,0.0,,10.0
2023-12-15,4.9,3.7,6.2,31.1,3.6,6.7,95.4,0.0,,10.0
2023-12-16,-4.1,-9.9,3.8,1.5,5.2,9.0,68.9,4.6,1.0,5.6
2023-12-17,-9.8,-12.4,-6.4,,3.2,5.7,48.9,9.0,,0.0
2023-12-18,-7.7,-12.2,-3.6,,2.2,4.0,45.1,4.1,,6.9
2023-12-19,-3.7,-8.2,0.2,0.3,1.9,3.8,63.1,0.8,0.9,6.9
2023-12-20,-7.4,-11.9,-2.1,0.8,3.4,5.4,64.1,6.0,2.1,2.6
2023-12-21,-11.7,-14.4,-8.0,,3.0,5.0,57.4,9.0,0.5,0.0
2023-12-22,-11.6,-14.7,-8.0,,2.7,4.3,51.8,9.1,0.4,0.0
2023-12-23,-6.8,-12.7,-0.9,,1.8,2.7,53.4,8.9,0.2,1.4
2023-12-24,-2.2,-5.6,3.0,1.1,1.6,3.1,73.4,6.9,1.5,5.0
2023-12-25,-0.7,-2.7,2.1,0.7,1.5,3.8,80.8,1.7,3.0,6.5
2023-12-26,1.9,-2.6,7.2,,1.8,5.0,72.9,7.5,,2.9
2023-12-27,1.5,-2.8,6.8,,1.4,3.0,76.6,8.2,,0.5
2023-12-28,1.2,-1.7,4.4,,1.6,4.7,69.5,8.1,,3.1
2023-12-29,1.3,-1.5,4.6,,1.7,3.3,71.0,1.8,,4.8
2023-12-30,0.6,-0.9,2.1,13.1,2.6,4.6,92.0,0.0,12.2,9.5
2023-12-31,2.1,0.6,4.3,4.7,2.0,5.0,95.5,0.6,8.8,5.8
2024-01-01,3.3,-0.3,7.3,0.0,1.7,3.2,83.4,4.3,2.4,6.4
2024-01-02,2.9,2.2,4.3,0.0,1.6,3.1,72.6,0.3,,8.9
2024-01-03,1.8,-1.1,4.0,0.6,1.6,4.2,80.4,1.2,,6.0
2024-01-04,1.4,-3.3,4.7,,1.9,3.4,74.3,0.5,,6.1
2024-01-05,5.0,1.4,9.1,0.0,2.3,4.8,77.1,5.7,,4.1
2024-01-06,0.7,-2.7,5.2,2.4,2.2,4.0,63.9,8.7,6.0,2.3
2024-01-07,-4.4,-8.3,-0.9,,3.1,6.9,57.4,9.1,5.6,0.1
2024-01-08,-4.7,-10.3,0.0,,1.8,4.0,57.8,8.3,1.5,3.8
2024-01-09,-0.6,-1.9,0.4,1.6,2.0,3.0,84.0,0.0,3.1,8.5
2024-01-10,-1.0,-4.1,3.3,,1.7,3.0,85.9,5.0,3.0,3.1
2024-01-11,1.7,-2.4,4.5,,1.9,3.9,80.6,0.4,2.0,7.0
2024-01-12,0.9,-1.4,4.2,,2.3,4.3,61.6,8.9,,0.0
2024-01-13,0.4,-3.8,6.4,,1.4,3.8,44.3,9.1,,0.3
2024-01-14,-0.6,-3.3,2.4,3.1,2.1,4.2,74.5,0.7,,5.8
2024-01-15,-3.7,-6.9,0.9,,2.5,4.9,51.3,9.2,,0.0
2024-01-16,-2.1,-7.2,4.3,,1.5,3.4,49.8,8.3,,2.3
2024-01-17,0.6,-2.3,1.9,9.7,2.0,3.4,78.5,0.0,2.3,9.4
2024-01-18,4.5,1.4,9.4,0.5,2.4,5.5,81.5,6.3,1.1,4.5
2024-01-19,5.4,4.0,9.0,,4.5,7.1,65.4,7.1,,7.0
2024-01-20,3.4,1.9,4.9,0.4,5.3,7.2,69.5,0.0,,8.9
2024-01-21,1.7,-2.4,4.3,0.4,2.5,5.3,75.8,0.0,,9.1
2024-01-22,-8.7,-11.9,-2.4,0.2,4.1,6.3,65.6,3.6,2.3,5.0
2024-01-23,-11.7,-14.0,-8.2,,3.9,6.6,53.6,9.1,,0.5
2024-01-24,-8.0,-11.2,-3.7,,3.3,5.9,52.0,9.3,,0.0
2024-01-25,-5.3,-9.7,-0.5,,2.1,3.7,47.8,9.4,,0.0
2024-01-26,-1.7,-6.9,4.0,,1.9,3.9,62.5,9.4,,0.8
2024-01-27,-0.5,-4.6,4.6,,1.8,4.8,70.0,8.0,,2.9
2024-01-28,-1.5,-5.0,3.8,,1.9,3.6,62.3,8.0,,2.0
2024-01-29,-0.4,-4.8,4.6,,1.7,3.7,66.6,9.2,,2.0
2024-01-30,1.4,-4.0,8.1,,1.4,2.9,59.3,9.4,,2.3
2024-01-31,4.7,0.7,10.6,,1.9,4.3,54.1,8.9,,2.6
2024-02-01,2.4,-1.3,8.2,,2.1,4.4,64.9,6.8,,6.4
2024-02-02,3.1,0.7,7.9,,2.1,4.1,65.5,4.4,,5.4
2024-02-03,4.7,-0.2,8.3,0.0,2.2,4.4,63.9,1.0,,8.4
2024-02-04,7.3,3.7,12.2,,1.8,4.7,60.9,4.6,,8.6
2024-02-05,2.7,0.1,6.6,3.9,5.0,8.8,81.8,0.0,3.6,10.0
2024-02-06,1.2,0.0,2.9,0.2,2.2,3.4,83.5,0.0,3.8,8.8
2024-02-07,0.6,-0.9,2.7,0.0,2.1,3.6,76.6,0.0,,6.6
2024-02-08,0.6,-3.0,6.2,,1.6,4.0,66.9,9.2,,2.0
2024-02-09,1.1,-2.5,6.1,,2.2,4.5,66.8,6.9,,3.3
2024-02-10,1.7,-1.5,7.4,,1.9,4.7,69.4,5.6,,2.3
2024-02-11,1.0,-3.1,5.5,0.0,2.2,5.5,70.6,5.6,,2.0
2024-02-12,3.5,-2.9,10.5,,1.8,3.6,62.8,9.7,,0.3
2024-02-13,8.2,2.0,13.7,,2.5,5.6,70.6,5.5,,2.5
2024-02-14,12.9,8.8,18.3,,2.2,4.4,76.4,4.0,,7.0
2024-02-15,4.5,0.6,11.6,10.9,2.9,6.5,89.9,0.9,1.5,7.6
2024-02-16,2.3,-1.5,8.1,,1.8,3.7,72.4,7.9,,0.6
2024-02-17,4.4,-1.2,11.7,,1.7,3.0,73.5,8.7,,0.0
2024-02-18,6.2,1.2,9.4,17.1,2.8,5.0,81.4,1.1,,7.1
2024-02-19,9.1,4.2,11.9,8.9,2.3,4.8,95.8,0.0,,9.6
2024-02-20,4.3,2.8,6.8,2.6,3.4,7.5,86.3,0.0,,9.9
2024-02-21,1.9,0.0,4.0,17.8,5.2,7.2,92.5,0.0,5.2,10.0
2024-02-22,0.2,-1.1,1.6,8.8,4.2,6.0,84.5,0.0,13.8,9.8
2024-02-23,1.8,-1.0,6.1,0.4,3.5,5.5,68.8,5.8,10.2,5.9
2024-02-24,2.0,-1.3,5.9,2.3,2.9,4.7,68.6,5.5,2.0,7.4
2024-02-25,2.8,0.8,5.9,1.8,2.0,3.8,80.8,0.9,0.2,6.4
2024-02-26,3.8,-1.2,9.7,,1.9,3.7,65.3,6.8,,2.1
2024-02-27,5.3,1.2,9.8,,3.0,5.2,52.0,5.5,,7.5
2024-02-28,6.4,3.2,10.1,,2.1,3.3,59.5,1.7,,8.5
2024-02-29,4.8,0.3,9.6,,2.2,6.6,63.6,1.2,,6.8
2024-03-01,-4.1,-7.1,0.3,,4.4,7.5,38.9,10.6,,0.0
2024-03-02,-0.5,-8.1,4.1,0.0,3.2,7.1,60.4,5.8,,4.5
2024-03-03,4.0,0.4,7.8,,2.9,5.9,71.5,6.6,,2.3
2024-03-04,5.4,-1.8,11.7,,1.6,3.2,45.5,9.5,,4.5
2024-03-05,8.0,5.5,11.0,,2.9,5.5,45.1,0.1,,8.8
2024-03-06,6.2,2.5,10.3,,2.8,5.1,58.8,2.3,,5.9
2024-03-07,3.9,1.2,8.2,2.1,3.0,4.9,62.4,2.5,,5.0
2024-03-08,2.1,-0.7,6.5,,3.4,6.9,50.6,10.4,,0.4
2024-03-09,2.0,-2.1,7.1,,2.7,4.8,50.8,10.9,,0.0
2024-03-10,4.2,-1.8,10.6,,2.1,4.4,54.0,10.9,,1.0
2024-03-11,6.2,2.0,10.8,,,,62.3,,,7.0
2024-03-12,6.6,4.4,10.0,2.1,,,78.0,0.0,,6.0
2024-03-13,6.5,1.3,12.0,,2.7,6.2,57.6,10.9,,0.4
2024-03-14,8.5,3.4,15.4,,,4.8,58.3,,,1.0
2024-03-15,8.9,4.0,14.5,,2.3,5.3,68.5,10.6,,0.0
2024-03-16,10.9,4.4,18.3,,2.1,4.7,54.5,8.3,,3.9
2024-03-17,8.8,5.4,12.2,0.1,3.7,6.3,48.0,8.7,,5.6
2024-03-18,7.1,1.4,13.2,,2.4,4.5,28.6,10.6,,2.0
2024-03-19,6.7,3.9,9.8,0.2,3.7,7.4,60.8,2.7,,6.1
2024-03-20,4.4,1.2,8.7,,3.4,6.1,46.5,9.0,,1.8
2024-03-21,5.0,-1.2,11.5,,2.0,4.9,46.5,11.3,,2.0
2024-03-22,10.4,3.8,15.2,5.4,3.4,8.4,57.0,3.5,,7.6
2024-03-23,13.0,9.3,18.2,0.1,2.3,4.1,66.0,8.2,,6.4
2024-03-24,16.2,10.5,23.4,,2.4,4.0,42.5,8.1,,4.9
2024-03-25,10.6,6.7,14.5,5.1,4.0,6.9,63.0,0.0,,9.6
2024-03-26,7.4,3.2,12.4,11.5,2.6,5.7,77.3,2.3,,6.1
2024-03-27,10.4,4.4,16.2,,2.0,4.4,68.4,8.8,,5.3
2024-03-28,10.3,7.8,12.2,1.9,1.8,4.4,81.8,0.0,,8.5
2024-03-29,7.6,5.0,12.3,1.4,2.8,5.4,73.0,2.5,,4.8
2024-03-30,8.8,3.0,15.6,,2.4,5.6,56.5,5.4,,3.9
2024-03-31,10.6,3.4,17.7,,1.9,4.4,39.9,10.1,,1.6
2024-04-01,12.2,5.5,19.0,,1.8,4.3,32.0,11.5,,0.3
2024-04-02,15.4,7.0,23.9,,2.0,4.5,37.5,9.5,,3.1
2024-04-03,16.6,13.9,19.7,0.0,1.8,3.4,55.9,0.3,,7.8
2024-04-04,15.5,12.4,20.3,,2.9,5.2,52.1,3.6,,6.5
2024-04-05,14.0,10.2,18.8,,2.5,5.2,51.3,6.2,,5.1
2024-04-06,12.7,8.0,18.9,,1.9,5.1,48.6,6.6,,3.9
2024-04-07,14.8,7.7,23.4,,2.0,5.9,33.4,11.4,,1.0
2024-04-08,16.2,11.0,22.8,,2.1,5.2,46.5,2.0,,8.3
2024-04-09,15.3,10.6,20.8,,3.5,7.9,32.4,11.9,,0.4
2024-04-10,13.8,10.2,18.5,,2.6,5.2,62.6,3.9,,6.0
2024-04-11,15.5,11.7,21.1,0.0,1.8,3.4,61.0,4.0,,5.3
2024-04-12,17.2,12.0,24.2,,2.1,4.3,59.6,9.8,,1.9
2024-04-13,19.1,11.2,27.3,,1.9,4.4,52.4,12.1,,0.0
2024-04-14,20.8,13.6,29.4,,1.9,5.3,47.1,11.7,,3.0
2024-04-15,16.0,11.7,20.0,17.1,2.5,5.1,77.4,0.0,,8.6
2024-04-16,13.3,11.5,17.9,2.3,2.5,4.1,82.6,3.7,,6.3
2024-04-17,15.0,9.7,21.8,,2.2,4.1,65.3,10.3,,4.6
2024-04-18,17.3,10.7,24.9,,2.2,4.9,53.3,11.7,,0.0
2024-04-19,17.6,11.5,24.3,,2.1,4.4,51.8,10.4,,3.9
2024-04-20,14.9,13.0,17.2,4.8,3.0,5.8,77.3,0.0,,9.8
2024-04-21,17.2,13.3,21.7,,3.8,5.5,65.5,1.0,,8.8
2024-04-22,18.8,15.0,24.1,,3.1,5.2,49.4,4.6,,6.5
2024-04-23,17.3,13.2,24.2,0.0,3.6,5.4,55.0,6.0,,7.9
2024-04-24,13.2,11.0,16.5,9.0,3.0,5.4,80.1,1.9,,7.8
2024-04-25,14.4,10.3,20.8,,1.9,3.3,75.6,6.2,,4.4
2024-04-26,17.8,11.4,26.0,,1.9,5.1,61.1,10.7,,3.4
2024-04-27,18.2,11.5,26.2,,1.9,4.5,56.4,12.5,,0.3
2024-04-28,20.7,13.0,28.9,,1.6,3.4,53.5,11.4,,5.9
2024-04-29,20.9,16.9,26.1,,3.0,5.5,48.0,8.8,,5.6
2024-04-30,18.6,16.0,22.5,,2.2,4.4,62.5,5.5,,8.5
2024-05-01,18.5,13.9,24.0,,2.4,4.3,46.0,9.8,,4.6
2024-05-02,18.1,12.4,23.7,,2.4,5.2,48.4,12.8,,0.0
2024-05-03,19.7,12.2,27.9,,1.9,3.6,46.9,12.8,,0.0
2024-05-04,21.4,14.6,28.5,0.0,1.9,4.3,44.8,12.5,,3.4
2024-05-05,17.8,15.7,20.6,48.3,2.5,5.6,87.4,0.0,,10.0
2024-05-06,13.9,13.4,15.7,12.3,3.1,4.9,92.9,0.0,,10.0
2024-05-07,13.3,12.2,15.0,2.4,3.0,4.9,77.3,0.0,,9.6
2024-05-08,14.7,9.0,21.4,,2.3,4.9,58.8,11.0,,1.8
2024-05-09,16.1,10.9,21.8,,2.9,5.9,63.6,12.8,,0.3
2024-05-10,17.9,12.5,23.8,,2.6,5.5,55.6,12.5,,2.0
2024-05-11,17.0,14.0,22.0,31.7,3.5,9.1,80.0,0.1,,9.3
2024-05-12,16.6,11.9,21.6,,2.7,5.8,65.0,11.4,,2.6
2024-05-13,18.3,11.9,24.5,,2.3,5.3,51.9,13.1,,0.0
2024-05-14,18.8,12.7,24.7,,2.4,5.3,43.3,13.0,,0.1
2024-05-15,12.6,7.2,18.8,20.6,2.7,6.6,74.3,3.1,,6.5
2024-05-16,13.7,6.9,19.8,0.1,3.1,5.7,61.3,13.1,,1.5
2024-05-17,18.3,10.8,24.9,,2.2,4.2,63.6,10.8,,3.8
2024-05-18,20.7,16.0,26.5,,2.0,4.9,65.3,11.3,,2.3
2024-05-19,21.5,15.9,27.9,,1.9,4.5,63.1,12.6,,1.1
2024-05-20,19.4,16.8,22.8,,2.3,4.6,75.0,0.5,,7.3
2024-05-21,21.7,16.3,28.3,,1.9,3.6,68.1,9.4,,2.9
2024-05-22,20.5,16.4,25.5,,2.3,4.3,68.9,10.0,,5.8
2024-05-23,20.2,15.8,26.4,,2.5,4.3,67.9,12.7,,2.4
2024-05-24,20.1,15.7,24.7,,2.1,4.7,75.1,4.7,,6.6
2024-05-25,21.4,18.7,24.7,,1.8,3.8,62.8,2.3,,7.8
2024-05-26,19.9,17.0,23.7,8.7,2.7,5.7,74.3,3.1,,9.0
2024-05-27,18.5,14.1,22.6,,3.3,6.4,63.4,9.9,,3.3
2024-05-28,20.4,14.3,26.1,,2.5,4.6,54.8,11.1,,1.9
2024-05-29,21.2,15.4,26.8,,2.1,4.9,51.6,13.2,,2.8
2024-05-30,20.7,16.2,24.6,,1.6,3.4,49.1,0.6,,8.5
2024-05-31,20.4,16.9,25.4,1.0,2.6,6.0,60.0,11.8,,3.3
2024-06-01,20.7,17.5,25.2,0.0,2.8,5.3,61.3,9.4,,4.3
2024-06-02,20.4,15.7,25.8,,2.7,5.1,51.9,12.4,,1.3
2024-06-03,22.2,15.7,28.7,,2.4,4.2,47.4,11.2,,1.0
2024-06-04,22.8,16.3,29.3,,2.4,4.1,42.1,13.5,,0.1
2024-06-05,23.6,18.1,30.1,,1.9,4.7,53.9,10.4,,5.4
2024-06-06,24.1,19.3,31.4,,2.0,4.3,54.3,9.3,,3.4
2024-06-07,23.1,18.3,28.0,0.8,1.9,4.0,54.3,7.1,,8.0
2024-06-08,20.3,17.9,25.0,16.9,1.6,3.9,79.5,2.5,,7.4
2024-06-09,22.9,17.4,28.8,,1.8,4.5,68.9,12.3,,4.5
2024-06-10,24.7,19.0,31.1,,2.2,4.6,66.3,11.9,,1.4
2024-06-11,25.4,21.7,31.6,,2.4,4.7,62.4,10.2,,5.1
2024-06-12,24.8,19.2,31.8,,2.1,4.7,60.8,11.3,,4.1
2024-06-13,26.4,20.0,32.8,,1.8,4.3,51.4,13.3,,0.9
2024-06-14,26.3,21.4,33.0,,2.3,5.9,56.0,9.1,,5.6
2024-06-15,24.2,21.8,28.2,6.1,1.9,3.9,72.3,3.4,,6.5
2024-06-16,24.3,19.9,29.5,,2.8,5.0,58.4,13.2,,0.9
2024-06-17,24.8,18.9,30.2,,2.4,5.0,48.4,13.1,,4.6
2024-06-18,26.0,20.4,32.9,,2.1,4.2,59.5,13.4,,0.0
2024-06-19,28.8,21.4,35.8,,1.6,4.0,54.3,13.0,,3.3
2024-06-20,29.4,23.4,35.4,,2.0,3.8,45.1,12.1,,2.8
2024-06-21,28.1,22.9,33.9,,2.0,4.8,49.8,10.3,,5.8
2024-06-22,24.2,22.6,26.1,16.5,2.0,3.4,80.6,0.0,,10.0
2024-06-23,25.1,22.5,30.1,5.1,2.2,5.2,79.5,3.8,,8.3
2024-06-24,24.3,21.2,27.9,0.0,2.9,5.4,70.4,7.0,,5.8
2024-06-25,22.9,19.1,27.2,,3.0,6.2,61.9,10.7,,4.3
2024-06-26,24.9,18.9,31.6,,1.9,5.0,61.0,12.3,,1.3
2024-06-27,26.3,20.6,31.6,,1.6,4.0,55.0,9.3,,3.0
2024-06-28,26.6,21.3,32.5,,2.1,4.7,54.6,13.2,,2.0
2024-06-29,26.7,21.6,32.3,38.3,2.2,5.5,65.1,6.9,,6.6
2024-06-30,23.5,22.0,24.9,32.2,3.7,7.2,88.5,0.0,,8.5
2024-07-01,26.3,22.0,31.3,,1.8,3.4,69.1,8.3,,5.5
2024-07-02,23.2,21.9,25.2,65.1,2.8,5.3,90.0,0.0,,9.9
2024-07-03,24.7,23.6,25.9,0.8,3.6,5.5,80.3,0.6,,9.0
2024-07-04,26.8,23.2,30.6,3.6,3.0,6.6,74.8,3.4,,8.6
2024-07-05,23.4,21.3,26.1,4.1,3.3,7.6,80.5,1.4,,9.1
2024-07-06,25.1,22.1,30.0,2.8,3.2,6.5,84.1,0.1,,9.8
2024-07-07,24.4,21.5,28.2,28.7,1.8,4.2,85.1,0.6,,8.8
2024-07-08,23.8,23.1,24.5,21.1,1.8,4.0,93.4,0.0,,9.8
2024-07-09,24.5,22.7,26.7,0.3,1.8,4.7,86.9,0.1,,9.5
2024-07-10,26.6,22.7,31.1,1.4,2.2,4.9,77.1,7.1,,6.3
2024-07-11,25.7,23.3,28.9,,2.1,3.7,79.6,5.9,,5.1
2024-07-12,25.6,21.8,30.2,,1.6,3.4,79.5,3.7,,4.4
2024-07-13,28.1,23.5,33.3,0.0,1.9,4.2,70.0,9.9,,2.1
2024-07-14,28.4,24.9,32.1,0.4,2.4,3.8,65.9,7.6,,4.8
2024-07-15,28.4,24.5,31.3,0.0,2.4,3.7,64.6,6.3,,5.1
2024-07-16,27.0,24.6,30.7,17.0,2.3,5.1,78.4,4.2,,7.8
2024-07-17,25.4,24.1,28.1,98.8,2.5,6.8,91.6,0.1,,9.8
2024-07-18,24.3,23.1,25.6,128.8,2.2,7.5,95.3,0.0,,10.0
2024-07-19,27.0,24.2,30.8,0.1,2.2,4.1,80.1,6.4,,7.9
2024-07-20,27.2,25.1,30.6,14.9,2.7,6.1,80.4,1.9,,9.0
2024-07-21,26.5,22.5,29.8,8.5,3.6,8.3,83.6,1.5,,9.3
2024-07-22,26.6,24.3,27.9,79.9,3.1,7.9,89.0,0.0,,9.9
2024-07-23,26.4,25.8,27.3,2.0,3.2,6.4,87.9,0.0,,9.6
2024-07-24,28.1,26.0,30.9,14.7,2.6,5.4,85.0,3.0,,7.6
2024-07-25,28.8,25.4,32.2,25.3,1.8,5.0,79.8,2.4,,8.6
2024-07-26,28.7,25.2,32.7,5.5,2.3,5.5,81.9,6.7,,8.0
2024-07-27,28.9,27.5,31.7,33.5,1.7,4.5,83.6,1.7,,8.4
2024-07-28,29.2,27.3,32.2,0.0,3.2,6.8,76.0,5.1,,8.3
2024-07-29,27.4,26.8,27.8,0.0,3.8,6.6,84.0,0.0,,8.9
2024-07-30,28.6,26.3,31.9,,2.8,4.3,78.8,3.6,,7.4
2024-07-31,29.4,27.0,33.3,,2.6,4.5,74.5,4.7,,7.3
2024-08-01,29.9,27.3,33.2,0.3,2.6,3.9,75.5,3.6,,6.8
2024-08-02,29.6,28.2,32.5,,2.6,4.2,79.4,2.4,,7.9
2024-08-03,30.2,27.2,34.2,,2.2,4.3,75.0,7.8,,4.4
2024-08-04,31.8,27.3,36.2,,1.6,3.4,69.3,10.9,,2.5
2024-08-05,30.0,26.9,33.7,1.3,1.9,4.8,75.5,3.4,,7.1
2024-08-06,29.5,25.6,33.5,0.0,1.9,3.7,74.8,6.2,,5.4
2024-08-07,29.6,27.2,33.4,3.4,1.7,3.6,72.0,7.6,,4.8
2024-08-08,28.5,26.9,31.6,0.0,1.6,3.3,77.5,2.4,,7.4
2024-08-09,29.3,25.6,33.6,,1.6,3.3,74.1,6.0,,2.8
2024-08-10,30.0,26.4,33.6,,1.7,3.7,70.8,4.3,,6.8
2024-08-11,30.8,27.8,34.4,,1.8,3.4,67.8,4.4,,6.3
2024-08-12,31.1,28.2,34.1,,1.9,3.9,70.5,4.1,,4.1
2024-08-13,31.3,28.1,36.4,0.0,1.8,4.5,70.0,7.5,,4.9
2024-08-14,30.0,27.3,34.9,3.0,1.9,6.1,73.0,4.7,,5.6
2024-08-15,29.2,26.7,34.6,6.4,1.8,8.2,74.6,4.1,,5.4
2024-08-16,29.8,26.8,34.3,0.0,2.0,4.8,69.4,6.7,,3.0
2024-08-17,29.8,27.2,34.0,11.0,1.7,6.4,71.0,5.3,,4.8
2024-08-18,29.5,27.0,33.9,0.0,2.0,5.0,73.8,6.4,,5.5
2024-08-19,29.7,26.3,35.3,2.3,1.9,6.4,72.3,7.1,,2.5
2024-08-20,31.4,27.0,35.4,0.0,2.3,4.2,68.3,7.7,,6.1
2024-08-21,28.4,26.9,30.8,42.2,3.2,5.3,85.9,0.0,,9.5
2024-08-22,28.6,27.1,30.3,0.6,3.4,7.5,79.9,1.8,,8.8
2024-08-23,28.4,26.4,31.8,0.0,2.7,5.0,73.5,5.6,,5.3
2024-08-24,27.6,25.1,30.9,2.0,1.4,3.6,78.8,2.4,,3.8
2024-08-25,28.5,24.9,32.7,,1.4,4.6,76.6,5.1,,3.4
2024-08-26,28.1,25.6,30.6,0.0,1.5,3.7,77.8,0.3,,8.0
2024-08-27,26.5,24.6,30.3,0.3,1.9,4.5,69.8,3.7,,6.1
2024-08-28,28.2,23.0,33.2,,2.9,4.2,62.1,11.5,,0.4
2024-08-29,28.4,23.4,33.5,,3.1,5.3,61.0,12.0,,0.6
2024-08-30,28.0,23.7,32.9,,2.4,4.5,64.0,12.0,,0.9
2024-08-31,27.6,22.6,33.0,,1.9,4.3,65.6,12.0,,1.8
2024-09-01,27.1,24.6,31.6,,2.0,4.3,64.9,6.9,,4.5
2024-09-02,24.5,22.2,26.9,2.7,2.6,4.5,73.6,0.1,,8.0
2024-09-03,27.0,23.2,32.0,,2.9,4.4,54.5,7.4,,2.6
2024-09-04,27.9,23.2,33.3,,2.2,3.4,61.4,10.6,,3.0
2024-09-05,26.3,25.6,28.8,6.9,2.4,5.5,79.1,0.9,,8.8
2024-09-06,24.0,23.3,25.7,0.7,2.6,4.8,79.3,0.0,,10.0
2024-09-07,26.5,22.8,31.3,0.0,1.9,3.2,68.9,7.6,,4.0
2024-09-08,27.2,22.6,32.8,,1.6,3.8,69.6,9.1,,2.0
2024-09-09,28.5,24.1,34.1,,1.9,3.6,69.0,6.0,,3.6
2024-09-10,29.4,25.6,33.9,,1.8,3.5,67.3,9.0,,1.3
2024-09-11,29.0,25.4,34.6,0.4,1.8,4.2,71.5,5.2,,5.5
2024-09-12,25.4,24.8,27.1,32.7,2.1,3.3,91.5,0.0,,9.8
2024-09-13,25.9,24.2,28.0,7.6,2.2,4.3,91.4,0.0,,10.0
2024-09-14,28.0,25.2,32.2,0.0,1.7,3.5,80.3,5.1,,4.8
2024-09-15,27.5,24.2,32.4,,2.8,5.4,73.6,8.2,,3.1
2024-09-16,26.8,21.3,32.2,9.5,2.8,4.9,74.0,6.2,,5.6
2024-09-17,28.6,25.8,33.2,,1.7,4.5,77.0,3.5,,7.4
2024-09-18,29.4,26.5,33.6,0.7,1.6,3.6,76.8,6.5,,7.0
2024-09-19,29.1,25.6,32.6,,1.7,2.7,77.4,1.4,,8.5
2024-09-20,25.0,17.9,28.6,54.5,2.4,7.1,89.8,0.1,,10.0
2024-09-21,19.3,17.1,21.9,27.0,4.3,7.0,82.3,0.0,,8.5
2024-09-22,21.0,16.9,26.7,,2.7,5.1,67.4,7.2,,4.5
2024-09-23,20.8,16.6,26.1,,3.1,4.8,58.3,11.4,,0.8
2024-09-24,21.0,15.6,26.9,,2.2,3.4,57.9,11.1,,1.0
2024-09-25,23.3,18.6,27.3,0.0,1.7,3.2,65.6,6.1,,5.8
2024-09-26,23.6,21.1,28.0,1.2,1.6,4.1,75.1,5.9,,4.8
2024-09-27,22.7,19.1,28.0,,2.4,5.2,72.8,7.9,,2.6
2024-09-28,23.2,19.2,27.9,,3.4,5.0,59.3,8.2,,3.1
2024-09-29,23.5,19.1,29.0,,2.7,4.1,61.5,7.3,,1.5
2024-09-30,23.0,18.3,28.5,,2.1,4.6,63.0,8.0,,4.5
2024-10-01,18.3,13.3,21.7,2.5,2.5,5.3,67.5,2.2,,5.9
2024-10-02,14.9,11.6,19.9,,2.5,4.7,48.8,9.5,,2.0
2024-10-03,16.4,10.8,22.5,,1.9,4.2,59.0,7.3,,2.0
2024-10-04,17.6,11.9,24.2,,1.8,3.8,60.0,10.9,,0.0
2024-10-05,17.5,11.6,24.4,,1.6,2.8,60.4,9.7,,3.6
2024-10-06,15.4,12.3,17.9,0.0,1.4,3.0,73.5,0.0,,8.9
2024-10-07,16.9,14.0,20.7,,1.3,3.3,73.9,1.8,,6.6
2024-10-08,17.7,12.7,23.9,,1.8,3.9,73.9,6.8,,1.3
2024-10-09,18.8,13.9,24.4,,2.3,3.8,64.1,8.1,,4.8
2024-10-10,18.8,15.3,24.1,0.0,1.9,3.0,66.3,6.3,,4.5
2024-10-11,18.6,13.9,24.4,,1.8,3.4,68.8,9.5,,0.6
2024-10-12,18.3,13.4,24.7,,1.5,3.1,60.6,10.4,,0.0
2024-10-13,18.3,12.6,22.6,,2.0,3.3,67.0,4.7,,6.4
2024-10-14,19.3,17.6,21.5,0.0,1.9,2.9,70.3,0.0,,9.4
2024-10-15,19.2,17.6,21.9,0.5,1.8,3.7,85.0,0.0,,7.3
2024-10-16,18.2,14.4,24.2,,1.5,2.8,76.9,6.8,,2.8
2024-10-17,19.0,13.8,25.7,,1.7,2.7,70.4,7.5,,4.4
2024-10-18,17.4,16.2,18.8,47.1,2.5,5.1,86.1,0.0,,9.6
2024-10-19,16.6,12.4,21.1,1.0,3.3,6.9,75.0,2.1,,6.6
2024-10-20,13.4,10.5,17.8,,3.7,5.9,56.0,10.0,,1.4
2024-10-21,14.8,9.7,19.3,0.0,2.3,4.8,66.4,1.1,,8.6
2024-10-22,15.5,14.9,16.6,20.6,2.0,4.0,90.8,0.0,,10.0
2024-10-23,12.7,9.4,15.5,2.3,3.7,8.0,75.3,2.9,,5.9
2024-10-24,12.5,7.1,18.4,,1.8,5.2,71.4,9.9,,0.0
2024-10-25,14.9,8.7,21.5,,1.7,3.2,64.1,7.9,,4.0
2024-10-26,17.0,10.7,24.0,,1.8,3.4,68.3,9.7,,2.8
2024-10-27,16.0,14.0,18.8,0.0,1.6,2.9,79.4,0.2,,8.3
2024-10-28,15.7,12.3,20.4,0.0,2.1,4.5,75.9,1.9,,8.3
2024-10-29,15.0,13.4,18.3,0.0,2.3,4.6,64.6,0.2,,6.0
2024-10-30,15.7,11.4,21.4,,1.6,3.8,71.3,9.6,,1.3
2024-10-31,15.9,11.0,22.6,,1.4,2.5,67.8,9.4,,1.8
2024-11-01,15.3,12.9,18.7,,1.4,3.4,70.8,0.1,,9.8
2024-11-02,18.1,13.0,25.1,,1.9,4.6,58.9,9.6,,1.8
2024-11-03,17.6,13.0,23.5,0.0,2.4,4.3,71.1,8.2,,2.5
2024-11-04,14.8,8.9,18.3,0.1,2.9,5.5,62.0,6.7,,5.3
2024-11-05,9.1,5.6,14.7,,2.1,5.1,49.8,8.8,,2.8
2024-11-06,7.5,4.1,12.5,,2.5,4.9,46.1,9.7,,0.0
2024-11-07,7.8,1.6,15.7,,1.5,2.7,48.1,9.7,,0.0
2024-11-08,10.2,3.1,18.1,,1.5,2.7,50.8,9.6,,0.8
2024-11-09,12.9,6.8,20.3,,1.4,2.4,55.8,8.9,,2.0
2024-11-10,14.4,10.3,21.0,,1.8,3.1,64.0,6.8,,3.9
2024-11-11,14.6,9.7,21.8,,1.2,3.1,64.5,9.3,,1.8
2024-11-12,14.3,11.0,19.2,,2.2,4.2,66.8,9.3,,2.4
2024-11-13,14.2,8.3,21.3,,1.7,3.6,62.9,8.6,,2.4
2024-11-14,14.8,13.2,16.8,0.1,1.8,3.1,68.4,0.0,,8.5
2024-11-15,17.0,13.7,21.5,0.0,1.8,3.0,65.1,5.5,,6.8
2024-11-16,17.0,14.4,22.6,6.5,2.6,5.1,72.5,,,7.5
2024-11-17,7.0,2.1,14.4,,3.6,5.2,47.6,4.1,,5.0
2024-11-18,2.8,-0.7,7.9,,2.3,5.7,30.9,9.3,,0.6
2024-11-19,5.7,0.3,11.3,,2.0,3.4,49.5,7.4,,4.8
2024-11-20,6.5,2.4,9.6,,1.3,2.8,65.8,0.3,,7.6
2024-11-21,9.7,6.0,14.1,0.0,2.2,4.3,71.9,3.2,,4.8
2024-11-22,6.2,3.3,10.6,,2.2,4.2,48.0,9.2,,0.0
2024-11-23,6.4,1.5,12.6,,1.7,3.4,47.1,9.2,,1.4
2024-11-24,7.4,2.6,14.2,,1.6,3.4,58.4,9.1,,1.1
2024-11-25,10.1,3.6,15.4,0.0,2.5,4.4,57.6,6.8,,5.8
2024-11-26,5.8,1.0,12.7,26.0,3.4,8.1,86.4,0.9,0.9,9.6
2024-11-27,-0.4,-1.3,1.2,22.4,1.4,5.6,90.6,0.3,20.1,9.1
2024-11-28,0.8,-1.7,3.4,4.9,1.8,4.9,82.0,4.5,28.6,5.4
2024-11-29,0.2,-3.4,3.4,0.0,1.5,3.1,76.3,5.4,12.3,2.4
2024-11-30,2.5,-0.5,5.6,0.0,1.8,3.2,81.6,2.4,7.9,4.1
2024-12-01,5.2,1.6,8.2,0.5,2.4,4.0,89.3,2.4,5.3,5.9
2024-12-02,6.4,0.6,13.0,0.0,2.2,5.3,79.9,2.3,,2.6
2024-12-03,1.3,-2.4,5.2,0.0,2.4,4.5,48.6,8.9,,3.0
2024-12-04,3.1,-0.6,6.9,0.0,2.1,4.2,52.1,8.9,,1.3
2024-12-05,3.9,-0.1,8.8,1.8,2.3,5.7,62.8,6.7,,2.5
2024-12-06,2.1,-0.4,5.2,,2.5,6.7,49.3,9.1,,0.1
2024-12-07,0.2,-2.5,4.6,,2.5,5.0,56.9,7.2,,0.9
2024-12-08,-0.2,-3.9,4.1,,2.2,4.8,46.5,9.1,,0.0
2024-12-09,1.0,-3.8,7.4,,1.6,3.5,56.1,8.3,,0.8
2024-12-10,2.6,-1.9,6.9,,1.9,4.7,58.9,8.4,,3.9
2024-12-11,3.0,0.2,8.2,,1.6,3.3,50.3,6.9,,4.6
2024-12-12,0.5,-3.2,5.4,,2.1,4.9,45.8,6.7,,4.5
2024-12-13,1.0,-1.5,4.5,,2.2,5.0,42.1,5.2,,5.0
2024-12-14,-0.8,-3.6,2.5,,2.2,4.5,51.0,9.0,,1.3
2024-12-15,1.2,-2.2,5.4,0.0,2.4,5.6,54.1,6.0,,2.8
2024-12-16,-0.2,-3.3,3.9,0.0,1.2,3.8,65.9,3.8,,3.1
2024-12-17,-0.8,-3.5,3.8,,2.2,4.7,51.8,6.2,,1.1
2024-12-18,-3.4,-6.2,0.9,,2.2,3.9,47.1,9.0,,0.0
2024-12-19,-1.4,-6.7,4.9,,1.5,3.0,47.4,8.2,,3.3
2024-12-20,1.4,-2.1,5.3,0.4,2.0,3.0,60.9,1.4,0.5,9.1
2024-12-21,-0.7,-4.7,1.9,2.9,2.8,5.4,74.1,2.0,2.7,5.3
2024-12-22,-3.4,-7.7,1.0,,2.1,4.9,52.9,9.0,1.4,0.0
2024-12-23,0.3,-5.0,6.7,,2.2,4.5,58.5,7.3,0.7,0.9
2024-12-24,-0.4,-4.3,5.1,,1.4,3.4,50.3,9.0,,2.1
2024-12-25,2.7,-1.1,6.5,0.1,2.0,3.8,63.1,3.0,,8.3
2024-12-26,0.1,-4.8,4.2,0.0,3.4,5.6,57.9,8.6,,0.8
2024-12-27,-2.6,-5.9,1.8,0.0,2.7,5.8,51.4,7.3,,2.3
2024-12-28,-3.0,-6.7,1.1,,2.5,5.8,48.3,8.3,,1.1
2024-12-29,1.1,-4.2,6.1,,1.5,2.8,56.1,6.5,,5.1
2024-12-30,5.5,1.9,10.1,0.0,2.3,6.9,68.5,2.6,,7.4
2024-12-31,0.6,-2.0,4.9,0.0,2.6,5.0,45.8,9.0,,0.0
2025-01-01,2.6,-2.5,8.9,,2.2,5.1,64.3,5.6,,2.6
2025-01-02,0.5,-2.9,6.0,,2.1,4.9,48.8,9.0,,0.8
2025-01-03,-1.1,-5.1,3.2,0.0,2.2,4.6,52.0,7.7,,3.1
2025-01-04,-0.1,-5.4,5.7,,1.7,3.5,49.6,7.9,,1.4
2025-01-05,1.2,-0.7,2.5,6.7,2.5,3.5,85.0,0.0,6.4,9.4
2025-01-06,1.0,-3.0,3.4,3.0,2.8,5.3,75.6,2.3,3.9,6.3
2025-01-07,-2.6,-5.7,1.5,0.1,2.7,6.2,53.5,7.0,0.4,2.0
2025-01-08,-3.4,-6.1,0.2,0.0,2.7,6.0,55.1,4.9,0.2,3.6
2025-01-09,-9.7,-11.6,-6.1,0.0,4.2,7.6,38.4,8.5,,0.1
2025-01-10,-7.3,-12.2,-1.7,,1.6,3.0,48.0,9.2,,1.5
2025-01-11,-5.1,-9.5,0.4,,1.7,3.6,57.4,9.1,,0.0
2025-01-12,-3.4,-8.2,2.5,,1.8,3.4,59.9,7.7,,0.8
2025-01-13,-0.4,-5.6,4.1,1.3,1.7,4.0,76.9,2.2,0.1,6.1
2025-01-14,2.3,-1.7,5.2,0.1,2.3,4.7,72.0,2.3,0.1,5.0
2025-01-15,-3.5,-5.3,-0.5,,2.9,5.3,40.8,9.2,,1.0
2025-01-16,-0.5,-4.9,2.8,0.0,2.0,4.7,65.1,0.2,,6.8
2025-01-17,-0.5,-4.9,5.6,,1.8,3.3,62.4,9.0,,0.0
2025-01-18,1.0,-4.0,7.5,,1.6,2.7,54.1,7.9,,2.3
2025-01-19,3.8,-1.2,9.0,,1.8,3.2,65.0,3.7,,7.4
2025-01-20,3.9,0.9,7.5,0.0,1.7,3.0,73.1,3.8,,4.8
2025-01-21,2.4,-1.0,6.3,,1.6,3.0,79.8,6.4,,2.3
2025-01-22,3.6,0.5,7.7,,1.9,3.6,70.3,5.5,,3.4
2025-01-23,2.0,-2.4,7.7,,1.6,3.3,54.3,9.3,,0.0
2025-01-24,3.1,-2.7,10.6,,1.5,3.0,45.9,9.4,,0.0
2025-01-25,5.2,1.2,11.4,,3.1,5.0,52.8,7.7,,1.1
2025-01-26,4.6,1.8,7.5,,2.8,5.0,50.5,1.9,,8.0
2025-01-27,0.2,-2.7,5.1,5.6,3.5,6.8,77.9,1.2,2.6,9.3
2025-01-28,-3.9,-5.3,-2.5,0.1,4.0,7.3,71.3,0.6,2.8,8.4
2025-01-29,-4.6,-6.4,-1.3,0.2,3.1,5.6,66.1,6.7,2.9,4.3
2025-01-30,-3.8,-7.5,-1.0,,1.6,3.2,46.6,2.7,0.4,6.6
2025-01-31,-0.8,-2.6,0.7,2.4,2.1,4.0,80.1,0.0,2.9,9.4
2025-02-01,1.6,-2.0,7.9,,1.6,2.9,74.3,7.3,2.8,4.3
2025-02-02,1.5,-2.5,6.8,0.0,2.0,4.4,67.1,7.8,,3.5
2025-02-03,-4.1,-8.2,0.6,,4.2,8.0,48.8,9.6,,0.0
2025-02-04,-9.0,-11.5,-5.3,,3.7,6.3,50.8,9.7,,0.0
2025-02-05,-8.6,-11.8,-3.7,,3.2,6.7,49.1,6.8,,2.0
2025-02-06,-5.6,-11.5,-0.2,2.3,1.7,5.0,59.9,5.9,3.3,3.1
2025-02-07,-8.0,-10.7,-4.7,0.4,3.9,7.6,60.1,7.6,2.8,3.5
2025-02-08,-7.9,-11.5,-3.4,,2.8,4.2,54.5,9.6,1.5,0.0
2025-02-09,-4.7,-9.6,1.7,,2.2,4.3,63.8,9.4,0.7,0.3
2025-02-10,-2.6,-7.5,2.6,0.0,2.1,4.7,61.0,7.2,,1.3
2025-02-11,0.5,-5.7,7.0,,2.0,3.7,59.8,9.4,,2.1
2025-02-12,0.5,-2.9,2.5,2.5,2.6,6.2,75.8,0.0,2.1,7.5
2025-02-13,0.2,-5.8,6.1,,2.2,5.3,53.1,9.6,0.5,0.0
2025-02-14,3.7,-1.6,10.1,,1.9,4.1,67.4,9.5,,1.5
2025-02-15,4.1,0.4,7.8,,1.6,3.5,76.5,0.9,,5.4
2025-02-16,4.3,0.4,9.7,,2.5,5.0,75.6,3.4,,5.0
2025-02-17,-0.3,-3.4,3.5,,3.6,6.1,39.1,9.9,,0.3
2025-02-18,-2.3,-5.2,2.6,,3.4,6.6,40.3,9.9,,0.0
2025-02-19,-3.0,-5.8,1.2,,3.0,5.2,44.8,10.0,,0.0
2025-02-20,-2.9,-6.5,1.9,,2.7,5.6,43.3,10.0,,0.0
2025-02-21,-2.5,-6.4,2.6,,2.7,5.4,45.3,10.1,,0.3
2025-02-22,-2.3,-5.6,2.7,,2.7,5.1,49.1,10.2,,0.0
2025-02-23,-3.6,-6.5,0.5,,3.0,5.8,45.4,10.1,,0.3
2025-02-24,-1.3,-6.3,4.7,,2.3,5.5,49.8,10.3,,0.0
2025-02-25,2.1,-3.1,6.1,,2.9,5.7,72.6,5.4,,4.8
2025-02-26,3.7,0.7,9.1,,2.6,5.8,49.4,9.6,,1.4
2025-02-27,5.8,-2.0,14.2,,1.9,4.4,29.4,10.0,,2.0
2025-02-28,7.8,3.7,13.7,,1.5,3.3,52.4,3.4,,3.9
2025-03-01,8.5,3.4,13.0,0.6,2.0,3.8,68.5,1.7,,7.4
2025-03-02,8.3,2.2,15.6,11.8,3.7,7.8,68.0,0.4,,9.8
2025-03-03,3.1,1.0,7.1,10.4,6.3,8.7,63.5,6.6,1.1,7.5
2025-03-04,2.5,0.9,3.4,4.0,4.5,6.7,68.3,0.6,3.4,9.3
2025-03-05,4.8,2.3,9.2,0.0,2.2,3.6,63.3,1.6,,6.6
2025-03-06,4.8,-0.4,10.4,,2.3,4.3,55.1,10.5,,0.4
2025-03-07,5.3,0.0,11.1,,1.8,3.9,49.3,8.6,,5.5
2025-03-08,5.8,2.8,11.2,,2.2,5.0,55.0,9.0,,3.5
2025-03-09,6.9,1.2,13.5,,1.7,3.7,67.3,10.4,,0.1
2025-03-10,8.0,2.4,14.9,,2.1,4.6,59.8,10.5,,0.8
2025-03-11,9.4,2.9,16.6,,1.8,4.2,58.0,10.2,,2.6
2025-03-12,8.5,6.7,11.8,0.0,2.1,4.5,72.3,0.1,,8.4
2025-03-13,8.9,3.2,15.0,,2.4,4.8,54.6,10.5,,5.3
2025-03-14,12.4,5.0,20.1,,1.8,3.9,31.4,9.7,,3.0
2025-03-15,12.6,10.0,17.2,0.0,2.8,5.1,39.1,6.3,,7.9
2025-03-16,4.9,1.3,10.1,0.8,3.6,6.4,56.3,3.9,,6.6
2025-03-17,2.5,-1.3,6.8,0.4,2.9,5.2,46.0,9.5,0.3,5.1
2025-03-18,2.1,0.3,5.6,9.9,2.8,6.4,70.6,3.8,8.9,7.9
2025-03-19,2.4,-1.9,7.3,,2.4,4.8,49.5,11.3,,1.0
2025-03-20,8.2,2.2,15.0,,2.7,6.2,62.8,7.3,,3.3
2025-03-21,11.6,7.9,18.7,,2.9,5.0,61.3,9.5,,2.4
2025-03-22,12.8,6.1,19.9,,2.7,6.2,53.8,11.1,,0.0
2025-03-23,15.2,7.1,24.0,,1.9,4.8,49.0,8.9,,4.0
2025-03-24,15.5,11.7,21.3,0.0,3.0,5.8,56.1,7.6,,6.1
2025-03-25,12.7,8.4,21.4,,3.3,7.9,63.5,3.9,,5.1
2025-03-26,15.5,6.0,23.9,,2.2,4.4,46.4,10.0,,3.4
2025-03-27,13.7,7.1,18.6,0.3,3.2,7.1,65.1,1.9,,8.9
2025-03-28,6.5,3.1,11.8,,3.7,7.4,41.6,7.8,,2.9
2025-03-29,3.3,0.6,6.7,0.0,3.6,8.7,40.8,7.3,,2.9
2025-03-30,3.3,-1.8,7.6,0.0,2.8,6.2,51.1,7.1,,2.9
2025-03-31,7.7,1.2,14.1,,2.2,4.4,50.5,10.8,,1.6
2025-04-01,10.1,3.9,17.0,,1.8,4.1,53.0,10.2,,0.6
2025-04-02,8.9,5.2,14.4,0.0,2.4,6.0,55.4,4.6,,6.3
2025-04-03,9.8,3.6,16.9,,2.4,5.5,58.6,11.6,,0.1
2025-04-04,10.6,6.0,16.4,,2.2,5.1,54.5,10.4,,2.1
2025-04-05,8.0,7.5,9.5,22.8,1.9,4.0,86.1,0.0,,10.0
2025-04-06,10.3,6.9,15.7,0.0,2.8,5.1,67.3,9.6,,3.1
2025-04-07,13.5,5.5,20.1,,2.7,6.9,54.5,11.3,,0.9
2025-04-08,13.8,10.7,18.9,,3.1,6.0,55.0,9.2,,3.5
2025-04-09,12.7,8.4,18.0,0.8,2.0,5.5,51.6,2.2,,9.0
2025-04-10,13.2,8.8,19.1,0.0,2.2,5.5,60.6,9.7,,2.0
2025-04-11,16.2,8.1,24.2,,2.0,4.1,51.8,11.8,,1.9
2025-04-12,12.9,1.4,22.5,15.4,3.1,7.9,66.5,1.5,0.2,9.5
2025-04-13,5.5,1.1,8.2,4.2,4.2,9.0,71.1,3.7,0.6,7.0
2025-04-14,4.4,2.6,6.0,7.4,2.5,5.9,87.4,0.3,,7.3
2025-04-15,8.2,2.3,14.0,,2.7,6.2,70.3,12.1,,2.1
2025-04-16,14.6,6.4,21.9,,2.5,6.0,58.0,9.7,,5.5
2025-04-17,19.7,15.8,24.7,,2.6,4.9,63.5,2.9,,6.1
2025-04-18,18.6,15.4,23.7,0.0,2.4,4.4,67.9,5.0,,6.0
2025-04-19,15.3,12.2,20.0,9.2,3.0,8.0,89.1,0.0,,8.6
2025-04-20,16.7,9.5,24.1,,1.7,3.2,70.0,11.6,,2.1
2025-04-21,20.7,14.2,27.1,,2.2,4.6,65.3,7.7,,5.0
2025-04-22,17.8,14.2,20.4,34.8,1.5,3.9,87.8,0.0,,7.4
2025-04-23,16.8,10.9,22.9,,2.5,4.2,62.4,12.5,,3.5
2025-04-24,14.7,10.7,19.6,,3.1,6.2,52.4,12.2,,0.9
2025-04-25,12.5,7.7,17.8,,3.0,6.5,38.4,12.5,,0.0
2025-04-26,13.8,7.2,20.0,,2.8,6.0,53.1,12.0,,0.0
2025-04-27,14.9,10.7,19.1,,2.8,5.6,46.4,6.3,,6.5
2025-04-28,15.1,10.3,20.2,,2.7,6.3,45.6,12.5,,1.0
2025-04-29,14.8,8.2,21.0,,2.3,4.7,34.1,12.8,,0.0
2025-04-30,18.4,10.0,25.8,,2.6,5.9,36.3,12.0,,2.4
2025-05-01,14.7,11.3,17.6,21.1,2.2,3.8,69.6,0.0,,7.3
2025-05-02,13.4,8.2,18.5,0.0,3.1,5.7,59.3,9.1,,5.6
2025-05-03,11.2,9.5,14.0,7.3,2.3,5.3,80.5,1.2,,6.9
2025-05-04,13.7,8.2,19.9,,2.8,7.2,60.9,12.8,,1.1
2025-05-05,12.1,9.3,15.0,,2.3,5.0,64.5,0.3,,8.0
2025-05-06,14.4,8.5,19.5,,2.2,4.7,57.5,8.5,,3.8
2025-05-07,14.9,9.9,21.1,,2.2,5.1,61.5,12.3,,2.0
2025-05-08,17.4,9.7,24.9,,1.8,4.9,53.5,11.2,,5.3
2025-05-09,15.1,14.1,17.4,17.6,3.0,5.9,81.8,0.0,,10.0
2025-05-10,12.3,11.6,15.3,14.1,3.5,6.0,95.5,0.0,,9.8
2025-05-11,14.7,11.4,20.2,0.0,1.9,4.7,76.9,4.7,,5.5
2025-05-12,17.0,9.8,23.6,,2.1,5.7,62.6,12.7,,0.0
2025-05-13,19.9,13.3,25.8,,2.7,6.5,47.4,9.0,,4.8
2025-05-14,21.0,14.1,26.7,,2.4,5.6,52.8,11.7,,3.5
2025-05-15,19.5,16.8,22.2,1.1,2.3,4.4,80.9,0.8,,8.9
2025-05-16,19.4,17.8,22.0,51.3,1.8,4.2,92.6,0.0,,9.8
2025-05-17,18.3,14.7,24.3,2.2,2.6,6.0,86.4,6.0,,6.4
2025-05-18,15.6,11.4,21.0,,2.6,5.2,59.3,10.5,,3.0
2025-05-19,16.1,10.5,20.9,1.6,2.8,5.7,70.4,0.9,,7.9
2025-05-20,22.2,17.4,27.3,1.0,2.5,5.2,85.5,3.0,,7.5
2025-05-21,25.5,22.3,30.8,,2.1,4.7,75.5,7.0,,6.5
2025-05-22,23.9,20.0,28.5,0.8,2.1,3.8,68.0,6.1,,5.6
2025-05-23,19.4,15.4,22.2,1.2,2.8,4.4,53.8,0.0,,9.4
2025-05-24,15.6,13.0,19.3,4.3,3.1,4.6,69.1,0.3,,8.1
2025-05-25,17.4,11.7,22.6,,2.1,5.0,61.0,13.1,,0.0
2025-05-26,19.7,13.0,26.2,,1.7,4.0,59.4,12.3,,4.9
2025-05-27,20.8,14.7,27.0,,1.9,4.5,57.0,12.3,,1.0
2025-05-28,20.8,16.3,26.9,0.0,1.8,4.7,62.0,8.4,,3.4
2025-05-29,21.2,15.3,27.3,,2.2,4.5,58.4,11.7,,2.0
2025-05-30,22.2,16.7,28.3,,1.7,4.2,55.0,12.1,,0.5
2025-05-31,21.5,16.4,27.0,,2.0,3.6,55.0,7.3,,6.1
2025-06-01,22.6,17.0,29.3,,2.0,4.7,57.8,10.9,,3.5
2025-06-02,21.0,19.2,23.1,0.0,1.5,3.5,64.3,0.0,,9.8
2025-06-03,20.9,17.0,25.3,,2.9,5.9,56.9,11.9,,1.6
2025-06-04,20.5,15.2,25.3,,3.5,7.8,55.3,12.1,,0.4
2025-06-05,21.7,15.6,27.1,,2.3,5.3,49.8,12.5,,3.1
2025-06-06,24.1,17.7,30.0,,3.0,7.8,42.6,12.0,,3.5
2025-06-07,23.7,19.8,28.2,0.1,2.6,6.3,61.4,4.6,,6.8
2025-06-08,25.1,21.4,30.4,0.6,1.7,4.0,69.3,7.4,,6.8
2025-06-09,24.2,20.6,30.2,0.0,2.6,4.4,66.6,9.6,,6.3
2025-06-10,21.7,18.8,25.3,0.0,2.5,5.2,71.6,4.1,,7.5
2025-06-11,22.7,15.9,28.5,,2.4,4.8,54.6,13.5,,2.3
2025-06-12,25.5,17.9,33.1,,1.9,4.8,50.4,12.4,,4.4
2025-06-13,24.0,20.1,29.4,1.5,1.9,3.7,60.9,3.8,,8.8
2025-06-14,25.6,20.3,32.1,,2.0,4.1,66.3,5.9,,4.8
2025-06-15,26.3,21.7,33.2,11.8,2.5,5.7,69.6,7.8,,7.9
2025-06-16,23.0,21.8,25.1,20.0,2.7,5.7,87.8,0.1,,9.3
2025-06-17,24.8,21.1,29.6,,2.5,3.8,73.3,8.6,,3.8
2025-06-18,25.5,21.2,30.9,,2.0,4.1,65.3,10.3,,3.0
2025-06-19,28.1,21.1,34.2,0.8,2.0,5.0,57.9,8.8,,5.8
2025-06-20,24.1,22.2,28.3,51.1,3.9,8.3,93.4,0.0,,10.0
2025-06-21,22.0,20.5,24.2,0.2,2.1,5.1,88.1,0.0,,9.8
2025-06-22,23.3,18.1,28.6,,2.3,4.5,68.6,13.4,,0.3
2025-06-23,26.1,19.4,31.7,,1.8,4.1,64.8,12.8,,1.3
2025-06-24,25.0,20.5,28.0,2.3,2.6,4.8,63.4,0.2,,8.9
2025-06-25,20.9,19.5,22.1,8.0,2.5,4.7,88.9,0.0,,10.0
2025-06-26,22.2,19.9,24.2,1.1,1.7,3.6,85.3,0.1,,8.4
2025-06-27,25.0,21.1,29.3,0.0,1.4,3.2,78.1,3.1,,8.6
2025-06-28,26.2,24.5,28.1,0.6,1.4,3.1,85.0,0.0,,9.3
2025-06-29,27.1,24.9,30.2,0.0,2.3,4.1,77.1,2.5,,6.1
2025-06-30,28.2,25.6,31.2,,2.4,4.6,74.6,2.8,,7.8
2025-07-01,28.6,26.2,31.8,0.9,3.0,5.2,78.6,3.8,,7.0
2025-07-02,28.6,26.8,30.9,0.0,2.9,5.2,76.3,2.3,,8.0
2025-07-03,28.3,26.5,32.0,0.0,2.8,4.6,75.5,2.7,,7.5
2025-07-04,27.2,25.7,30.0,0.0,3.2,5.6,77.0,0.8,,8.8
2025-07-05,28.4,26.0,32.3,,2.8,4.5,72.9,3.0,,8.1
2025-07-06,29.1,26.3,32.8,,2.5,4.2,74.3,1.7,,8.8
2025-07-07,29.1,26.7,33.2,,1.9,3.6,79.0,2.5,,5.8
2025-07-08,31.3,26.9,37.8,11.8,1.9,6.8,72.5,8.4,,4.3
2025-07-09,31.9,27.4,36.0,,2.2,3.7,61.1,8.0,,3.4
2025-07-10,31.4,27.3,36.2,,2.9,4.9,46.6,13.3,,0.4
2025-07-11,30.2,24.6,36.1,,3.3,4.9,47.1,13.5,,0.1
2025-07-12,30.3,24.4,36.5,,2.3,4.0,47.5,13.2,,2.6
2025-07-13,27.7,25.6,31.0,0.0,1.5,3.2,66.8,1.7,,9.0
2025-07-14,24.2,21.7,28.1,13.6,2.0,4.0,78.3,0.5,,8.4
2025-07-15,23.6,21.5,25.9,4.0,2.3,5.0,84.1,0.6,,9.3
2025-07-16,23.3,22.2,24.8,73.1,2.1,4.9,90.1,0.0,,9.6
2025-07-17,23.3,22.0,24.4,75.5,2.1,4.6,94.3,0.0,,10.0
2025-07-18,24.7,22.9,27.2,16.1,1.7,3.1,89.5,0.3,,9.5
2025-07-19,23.9,21.9,25.8,84.0,2.0,3.9,95.4,0.0,,10.0
2025-07-20,27.7,25.0,31.3,14.8,2.8,5.2,82.8,5.7,,7.1
2025-07-21,28.5,25.6,31.6,0.0,2.3,5.0,77.4,5.8,,5.6
2025-07-22,28.8,26.6,32.2,0.1,2.7,5.2,75.6,6.6,,6.4
2025-07-23,28.9,25.5,33.3,,1.8,4.2,70.4,7.9,,6.4
2025-07-24,29.8,25.8,34.1,,1.9,3.6,68.0,9.2,,5.1
2025-07-25,31.1,25.6,36.3,,1.9,3.9,64.6,12.4,,1.0
2025-07-26,32.3,27.6,37.1,,1.7,3.3,61.9,11.0,,2.9
2025-07-27,32.8,28.3,38.0,,2.0,3.4,62.4,12.5,,0.6
2025-07-28,32.2,28.8,36.4,,2.0,3.8,67.3,11.9,,1.6
2025-07-29,32.0,27.6,36.7,,2.0,3.7,64.0,8.9,,2.9
2025-07-30,32.1,28.3,36.3,,1.7,3.8,62.9,5.6,,7.3
2025-07-31,30.9,29.3,34.6,,2.0,4.1,62.3,1.1,,8.9
2025-08-01,31.0,27.8,35.1,0.0,1.9,4.5,66.9,4.5,,8.4
2025-08-02,31.2,27.3,36.2,,1.8,3.5,62.1,8.7,,5.4
2025-08-03,28.8,24.0,32.5,1.3,2.0,4.5,69.0,0.2,,9.0
2025-08-04,28.1,23.7,33.9,1.9,2.2,4.5,75.5,3.9,,7.1
2025-08-05,29.1,25.4,33.5,,2.2,4.4,67.4,8.5,,4.4
2025-08-06,27.1,25.8,29.3,22.0,3.2,6.0,89.0,1.1,,9.0
2025-08-07,28.2,25.4,32.3,,2.7,4.3,70.8,10.2,,4.0
2025-08-08,26.6,23.9,30.2,6.3,1.6,4.0,74.8,1.7,,6.3
2025-08-09,24.9,23.1,26.4,3.5,1.4,2.9,82.1,0.3,,7.4
2025-08-10,27.3,21.0,33.2,,1.7,3.5,70.0,12.3,,1.5
2025-08-11,27.0,25.0,29.5,0.0,2.0,4.1,73.9,0.3,,7.3
2025-08-12,28.6,23.3,34.1,,2.2,4.7,62.9,12.0,,3.8
2025-08-13,25.1,22.0,27.1,126.7,2.6,5.8,91.8,0.0,,9.6
2025-08-14,25.5,24.2,26.9,47.8,2.2,4.4,91.1,0.0,,9.3
2025-08-15,27.1,24.4,30.9,0.0,1.7,3.4,84.3,4.9,,4.6
2025-08-16,28.2,25.5,32.2,,2.2,4.8,76.0,6.9,,5.4
2025-08-17,28.4,26.1,32.0,,2.3,4.0,76.3,1.8,,8.1
2025-08-18,28.9,27.0,32.9,2.2,3.0,5.5,75.6,5.4,,8.1
2025-08-19,29.1,26.9,32.3,,3.0,5.1,75.3,6.2,,6.1
2025-08-20,29.4,26.9,32.8,0.0,2.6,4.6,74.5,5.2,,7.8
2025-08-21,29.8,27.4,34.3,,2.2,4.1,70.6,7.5,,5.8
2025-08-22,29.4,26.1,33.5,,2.1,4.6,71.5,9.5,,1.9
2025-08-23,29.3,27.4,32.2,,1.9,4.3,74.9,3.6,,4.3
2025-08-24,30.2,26.9,34.7,,1.7,3.8,69.4,6.3,,3.3
2025-08-25,28.7,26.3,32.2,17.1,2.8,6.1,80.6,2.0,,7.1
2025-08-26,27.6,25.5,31.8,5.4,2.8,5.0,81.8,5.6,,6.0
2025-08-27,26.7,23.6,30.8,,1.6,3.8,73.8,2.6,,6.5
2025-08-28,28.3,24.7,31.0,,2.7,4.7,72.9,3.0,,8.1
2025-08-29,29.0,27.3,32.8,32.2,3.5,6.3,82.0,4.3,,7.6
2025-08-30,28.4,25.8,31.8,23.9,2.0,4.9,81.1,5.8,,5.3
2025-08-31,28.5,25.1,31.8,0.0,2.4,4.6,75.3,5.9,,5.5
2025-09-01,26.1,24.4,28.2,20.4,2.5,6.1,87.3,0.6,,9.0
2025-09-02,26.0,22.0,30.6,,1.6,3.2,74.6,9.1,,3.0
2025-09-03,27.6,22.6,32.1,,1.9,3.5,67.5,9.5,,5.3
2025-09-04,25.8,22.8,29.8,44.2,2.6,4.6,82.1,3.1,,6.5
2025-09-05,27.9,23.5,33.0,,2.2,3.5,68.5,7.9,,4.3
2025-09-06,26.8,25.4,30.4,36.1,2.4,7.1,86.6,1.2,,8.3
2025-09-07,25.3,22.3,28.3,0.2,2.1,3.3,77.5,1.7,,7.1
2025-09-08,24.4,20.6,29.5,0.0,1.8,3.7,73.0,3.9,,8.0
2025-09-09,23.7,21.4,26.9,0.0,1.6,3.2,71.9,1.0,,7.3
2025-09-10,24.8,18.4,31.5,,1.7,3.6,61.1,11.9,,0.0
2025-09-11,25.8,19.9,31.7,,2.5,4.2,57.6,11.8,,2.8
2025-09-12,23.9,21.1,26.3,6.8,2.7,4.4,68.8,0.3,,9.5
2025-09-13,23.3,20.4,27.6,63.7,2.4,4.1,81.0,,,8.9
2025-09-14,24.8,21.5,29.3,,1.6,2.8,72.0,5.7,,6.0
2025-09-15,25.7,20.8,30.7,,1.5,3.0,71.6,9.4,,4.3
2025-09-16,23.7,22.2,27.1,17.5,1.5,5.6,86.8,0.7,,7.5
2025-09-17,22.7,21.2,24.0,52.7,1.7,4.8,92.0,0.4,,8.5
2025-09-18,22.1,19.6,26.0,,2.6,4.5,74.4,6.1,,6.6
2025-09-19,19.4,17.9,21.4,13.8,2.8,4.0,82.0,0.0,,9.9
2025-09-20,20.0,17.5,23.6,35.3,1.8,3.7,85.4,1.2,,8.9
2025-09-21,21.6,17.2,27.3,,2.1,4.2,67.0,10.2,,4.1
2025-09-22,21.3,17.6,25.1,,2.5,4.1,59.8,4.3,,8.8
2025-09-23,22.7,19.2,26.8,0.0,2.4,3.9,56.5,5.2,,8.1
2025-09-24,22.0,20.4,23.7,35.2,2.1,4.1,81.8,0.1,,8.3
2025-09-25,22.5,20.2,26.4,0.3,1.4,2.8,80.0,5.5,,6.1
2025-09-26,21.7,17.8,27.1,,1.4,2.9,78.1,8.1,,3.0
2025-09-27,22.5,17.6,27.2,,1.9,3.4,71.1,8.3,,4.0
2025-09-28,20.0,18.4,21.9,44.5,1.7,3.7,85.6,0.9,,9.1
2025-09-29,19.6,16.6,23.9,,1.5,3.2,77.8,4.9,,4.0
2025-09-30,19.8,17.3,24.0,,1.4,2.6,81.3,1.2,,6.1
2025-10-01,20.5,16.7,25.6,,1.7,4.7,78.1,4.7,,4.8
2025-10-02,21.4,17.3,25.8,,1.5,2.6,74.5,5.7,,9.0
2025-10-03,21.2,19.8,22.3,0.8,2.4,3.8,75.5,0.0,,9.6
2025-10-04,22.5,20.9,25.0,0.0,1.9,3.4,74.6,0.6,,9.4
2025-10-05,21.4,20.6,22.3,18.1,1.6,2.8,89.6,0.0,,9.6
2025-10-06,17.6,15.4,20.7,36.8,3.8,6.4,93.8,0.0,,10.0
2025-10-07,18.2,15.5,20.0,7.1,3.1,5.4,94.9,0.0,,9.8
2025-10-08,21.9,17.2,28.0,0.0,1.4,3.8,72.8,10.7,,3.6
2025-10-09,20.0,16.9,22.6,0.0,3.3,4.9,69.6,0.0,,9.9
2025-10-10,17.0,16.0,17.7,49.3,2.9,4.3,98.1,0.0,,10.0
2025-10-11,20.3,17.3,23.8,22.5,2.4,5.3,93.1,0.1,,9.9
2025-10-12,19.0,17.6,21.4,0.1,2.3,4.3,84.6,0.2,,9.5
2025-10-13,15.7,13.9,18.3,25.1,3.5,5.4,94.4,0.0,,10.0
2025-10-14,17.9,14.4,20.9,0.6,3.1,4.6,80.3,0.6,,8.9
2025-10-15,20.2,16.1,25.3,1.5,2.4,4.0,74.8,6.3,,5.5
2025-10-16,20.2,17.0,24.8,1.3,2.4,4.5,75.3,6.8,,3.4
2025-10-17,19.9,15.6,24.8,11.3,2.3,4.9,74.8,6.4,,6.0
2025-10-18,15.8,14.2,18.6,11.2,2.3,5.0,87.8,0.0,,9.8
2025-10-19,14.5,8.9,19.2,,2.8,5.2,71.5,5.1,,4.6
2025-10-20,10.0,5.3,16.5,,2.7,5.1,65.9,4.9,,4.8
2025-10-21,9.2,4.8,14.1,,1.6,3.1,68.3,5.8,,5.3
2025-10-22,13.1,6.6,18.6,,1.5,2.9,72.1,6.2,,3.0
2025-10-23,14.9,11.8,19.6,,2.0,3.4,70.3,4.3,,3.8
2025-10-24,15.8,11.3,21.5,,2.1,3.8,66.5,7.3,,5.4
2025-10-25,14.4,12.6,17.7,,2.1,4.1,66.9,3.9,,6.9
2025-10-26,12.2,10.6,13.9,0.5,1.7,5.1,70.1,0.0,,7.4
2025-10-27,8.1,3.7,12.2,,2.8,5.9,45.0,9.2,,0.0
2025-10-28,8.5,3.0,14.4,,1.4,2.9,52.4,9.0,,0.5
2025-10-29,11.4,6.2,18.3,,1.7,3.2,65.0,7.6,,1.1
2025-10-30,12.8,7.7,18.2,,1.5,2.8,70.3,6.7,,5.5
2025-10-31,15.1,11.3,20.7,0.1,2.0,5.4,69.9,2.5,,8.1
2025-11-01,12.9,10.5,17.7,2.4,2.3,4.5,73.0,8.1,,3.8
2025-11-02,8.0,3.7,11.7,0.2,3.1,6.8,57.0,8.1,,1.9
2025-11-03,7.2,0.5,14.7,,1.5,3.8,54.1,9.6,,0.4
2025-11-04,10.2,5.5,16.3,,1.5,3.5,60.6,9.0,,0.9
2025-11-05,11.6,5.7,19.0,,1.4,2.9,60.0,9.6,,1.1
2025-11-06,12.5,7.3,18.8,,1.6,3.8,69.9,8.1,,3.8
2025-11-07,13.9,8.3,19.9,,1.9,3.7,66.3,8.9,,1.8
2025-11-08,14.5,12.3,17.0,0.0,2.2,3.5,69.4,0.0,,8.8
2025-11-09,13.5,10.4,17.6,,2.6,5.2,64.1,7.6,,1.8
2025-11-10,8.3,5.4,12.7,,2.5,4.5,37.6,9.7,,0.4
2025-11-11,8.9,3.9,15.1,,1.6,3.5,57.6,8.3,,2.8
2025-11-12,10.8,6.0,17.7,,1.8,3.3,65.5,9.4,,1.1
2025-11-13,11.1,6.7,17.6,,1.7,3.9,65.4,5.8,,3.6
2025-11-14,9.1,4.5,15.1,,1.9,4.0,53.8,9.5,,0.0
2025-11-15,9.8,3.6,17.5,,1.3,2.8,49.1,8.9,,1.3
2025-11-16,11.6,5.5,18.7,0.3,2.4,6.1,58.4,7.9,,3.6
2025-11-17,3.2,-0.7,9.7,,3.7,6.6,37.4,6.7,,4.8
2025-11-18,1.6,-2.0,6.5,,2.3,4.6,47.1,9.1,,0.8
2025-11-19,3.0,-1.6,8.6,,1.6,3.3,50.1,9.3,,0.0
2025-11-20,7.4,1.6,14.6,,2.5,5.3,58.8,5.9,,4.5
2025-11-21,7.4,1.0,12.5,,1.9,5.6,58.5,7.5,,3.1
2025-11-22,9.6,5.4,15.1,,1.7,4.5,65.3,6.3,,3.0
2025-11-23,10.9,6.6,14.4,,2.1,4.2,69.6,0.6,,8.0
2025-11-24,12.4,9.6,16.8,,1.8,5.4,72.5,3.2,,5.0
2025-11-25,7.4,5.3,9.6,7.8,2.5,6.0,81.1,0.2,,8.8
2025-11-26,6.4,3.5,10.9,,1.5,3.2,66.4,5.4,,3.5
2025-11-27,5.1,2.5,8.7,10.0,3.0,5.7,77.4,0.3,,6.4
2025-11-28,2.3,-1.3,7.0,,2.0,3.9,56.4,9.2,,0.3
2025-11-29,5.7,0.3,9.3,0.1,2.3,3.4,57.1,2.9,,5.5
2025-11-30,12.4,9.1,16.1,,1.9,4.3,78.8,3.9,,3.0
2025-12-01,5.5,2.3,12.2,,3.1,5.7,50.5,9.1,,0.8
2025-12-02,0.1,-5.4,3.3,,3.3,6.3,41.1,8.5,,2.1
2025-12-03,-5.9,-8.1,-2.8,,3.2,6.0,41.4,8.4,,0.6
2025-12-04,-3.2,-9.4,3.5,4.0,2.3,6.2,49.6,8.7,5.1,1.4
2025-12-05,-2.6,-6.9,2.5,,1.8,4.3,53.6,9.1,4.9,1.8
2025-12-06,2.1,-2.0,4.5,0.6,2.0,3.0,70.9,0.9,1.9,8.1
2025-12-07,8.3,3.4,13.4,,2.1,4.8,77.4,6.6,,2.1
2025-12-08,3.4,0.8,7.3,,2.3,4.6,45.4,9.1,,0.0
2025-12-09,2.8,-2.4,8.7,,1.7,3.8,59.0,6.0,,2.5
2025-12-10,4.9,0.7,8.6,,1.9,3.5,73.1,0.9,,6.6
2025-12-11,4.0,-1.8,8.4,12.9,2.7,5.6,68.3,4.0,,4.8
2025-12-12,2.0,-3.6,7.0,,1.9,3.3,56.3,6.9,,4.5
2025-12-13,2.6,-0.8,4.5,9.5,2.4,4.3,81.5,0.0,1.0,8.6
2025-12-14,-0.1,-1.5,3.1,0.1,2.0,4.1,76.5,4.6,1.3,4.3
2025-12-15,0.7,-3.5,4.5,,1.8,3.0,76.4,3.7,,4.6
2025-12-16,3.8,2.1,5.0,2.1,2.2,3.3,88.5,0.0,,9.6
2025-12-17,4.2,1.2,7.6,,2.1,4.8,72.8,7.5,,3.1
2025-12-18,2.3,-1.9,8.5,,1.7,3.3,60.6,8.9,,0.0
2025-12-19,4.9,-0.7,9.9,,2.1,3.5,66.5,3.6,,4.3
2025-12-20,7.3,1.0,10.7,0.3,2.2,5.1,74.1,0.0,,7.3
2025-12-21,-1.1,-3.4,2.5,,2.9,5.7,42.0,8.9,,2.6
2025-12-22,-0.7,-5.9,5.1,,1.8,3.7,44.8,8.8,,3.9
2025-12-23,2.6,0.1,4.3,10.8,2.4,5.5,70.9,0.0,,9.0
2025-12-24,2.8,-1.0,6.3,,2.4,4.0,79.0,5.0,,4.1
2025-12-25,-3.6,-8.9,0.0,,3.9,6.8,54.1,8.7,,0.3
2025-12-26,-8.2,-11.8,-4.0,,2.8,5.6,38.9,9.0,,0.4
2025-12-27,-2.6,-8.3,0.5,0.0,2.1,3.2,52.1,2.0,,7.8
2025-12-28,3.2,0.0,6.1,0.6,2.0,3.0,76.4,0.7,,8.3
2025-12-29,4.9,-0.1,9.1,0.3,2.1,5.0,74.1,4.9,,3.1
2025-12-30,-0.5,-3.7,3.8,,2.4,4.6,45.1,9.0,,1.9
2025-12-31,-5.6,-8.9,-1.2,,3.1,4.9,40.9,9.0,,0.3
2026-01-01,-7.4,-10.5,-2.1,,2.8,5.7,41.5,8.9,,0.4
2026-01-02,-8.0,-11.4,-3.8,,2.7,4.7,46.6,9.1,,0.0
2026-01-03,-4.7,-9.8,0.0,,1.4,3.0,60.0,4.5,,3.8
2026-01-04,0.2,-2.7,5.0,,1.9,4.2,63.4,7.4,,4.1
2026-01-05,-1.9,-4.6,1.8,,2.3,5.2,48.5,9.1,,0.4
2026-01-06,-0.9,-7.0,3.9,,1.7,3.4,55.6,5.1,,2.9
2026-01-07,-0.2,-5.3,3.1,,2.9,5.9,51.9,8.8,,1.1
2026-01-08,-5.1,-8.2,-1.1,,2.4,4.6,38.5,9.2,,0.0
2026-01-09,-0.3,-6.7,4.6,0.0,2.2,3.2,59.8,2.9,,6.4
2026-01-10,2.0,-4.7,7.4,1.7,4.9,8.8,62.0,3.3,,6.1
2026-01-11,-6.7,-9.0,-3.6,,3.6,7.1,41.8,9.0,,0.0
2026-01-12,-3.8,-10.2,1.2,2.7,2.1,3.2,70.9,1.8,2.8,7.0
2026-01-13,-3.3,-8.1,1.9,0.0,3.3,6.3,54.8,9.1,2.4,1.6
2026-01-14,-3.3,-9.4,1.5,0.0,2.3,4.8,47.3,8.0,0.7,3.4
2026-01-15,4.7,0.8,10.2,,2.1,4.5,71.9,1.3,,6.3
2026-01-16,3.6,0.9,9.4,0.0,1.9,4.0,80.9,5.6,,4.8
2026-01-17,0.2,-2.8,4.9,,2.2,4.6,64.4,8.6,,0.5
2026-01-18,0.4,-3.7,3.0,0.0,1.5,3.5,60.5,0.0,,8.0
2026-01-19,-3.9,-9.8,1.5,1.0,3.4,5.9,57.8,6.1,1.3,5.8
2026-01-20,-8.4,-11.8,-3.3,,2.5,4.3,43.3,8.9,,2.0
2026-01-21,-9.7,-12.2,-5.2,,3.0,5.5,49.4,9.2,,0.0
2026-01-22,-9.1,-13.2,-4.2,,3.1,5.4,44.1,9.2,,0.0
2026-01-23,-5.0,-11.4,0.2,2.2,1.4,3.0,50.6,8.4,4.9,3.3
2026-01-24,-5.3,-8.8,-1.4,,2.8,4.9,47.0,9.3,4.9,0.8
2026-01-25,-6.0,-9.3,-2.0,,2.3,5.3,41.6,9.3,,0.1
2026-01-26,-4.2,-8.0,-0.3,,1.8,3.1,51.8,2.1,,7.1
2026-01-27,-4.4,-7.4,-0.1,,2.7,5.2,48.3,9.3,,0.4
2026-01-28,-5.4,-9.4,-0.8,,2.5,4.6,40.3,9.5,,0.0
2026-01-29,-5.2,-8.7,-0.3,,2.9,6.2,38.4,9.5,,0.1
2026-01-30,-6.4,-9.2,-1.8,,2.3,3.9,41.4,9.3,,2.3
2026-01-31,-4.1,-9.5,1.7,0.0,1.8,4.1,45.5,9.1,,2.8
2026-02-01,-2.0,-7.1,2.1,0.0,2.1,4.6,50.0,9.3,,2.5
2026-02-02,-2.1,-4.3,1.0,2.4,2.4,4.4,61.9,8.8,6.2,1.9
2026-02-03,-0.9,-7.6,5.6,,1.7,3.3,59.6,9.3,,2.9
2026-02-04,2.8,0.9,5.7,0.0,1.7,2.8,72.4,0.0,,6.5
2026-02-05,3.6,-2.8,10.1,0.0,2.6,5.7,69.3,2.2,,6.9
2026-02-06,-6.0,-8.3,-2.4,,3.6,5.5,32.1,8.8,,5.6
2026-02-07,-8.1,-10.8,-4.0,,3.3,6.1,34.5,9.6,,1.4
2026-02-08,-8.2,-12.4,-3.5,,3.1,4.9,36.9,9.6,,0.0
2026-02-09,-3.1,-10.1,4.4,,1.7,3.4,53.8,9.6,,1.6
2026-02-10,1.4,-2.5,4.8,0.8,1.5,3.0,73.6,0.1,,9.0
2026-02-11,2.7,0.0,6.9,0.0,1.8,4.6,79.4,3.3,,5.3
2026-02-12,2.8,-2.7,8.5,,1.8,4.4,77.3,4.8,,2.9
2026-02-13,5.3,3.5,7.8,,1.1,3.0,78.5,0.0,,7.1
2026-02-14,7.8,4.2,12.8,,1.6,3.4,76.1,2.3,,7.3
2026-02-15,6.6,0.6,11.6,0.0,2.7,6.4,57.4,7.2,,5.1
2026-02-16,2.4,-1.6,8.4,,2.5,4.3,43.6,9.6,,3.3
2026-02-17,1.7,-3.3,8.8,,2.4,4.9,51.3,9.8,,0.5
2026-02-18,2.4,-0.7,7.2,,2.5,5.2,55.6,9.8,,0.0
2026-02-19,2.1,-3.3,8.4,,1.8,4.4,49.5,10.0,,0.1
2026-02-20,6.3,-1.0,13.8,,2.3,5.4,53.9,9.8,,0.0
2026-02-21,10.7,3.7,18.4,,2.8,8.5,46.4,9.7,,1.9
2026-02-22,8.4,0.9,12.5,,3.8,6.6,47.9,4.5,,4.1
2026-02-23,1.8,-1.4,5.7,,2.9,6.2,32.4,7.5,,5.0
2026-02-24,2.8,0.5,5.9,,1.8,3.5,37.9,0.6,,6.5
2026-02-25,7.4,-1.3,16.1,,1.7,3.6,37.4,10.3,,0.0
2026-02-26,8.3,3.1,13.7,,2.0,3.3,50.9,6.6,,4.5
2026-02-27,9.6,6.1,14.8,,2.7,4.7,53.3,7.9,,3.9
2026-02-28,9.3,2.2,17.2,,2.0,3.7,51.3,10.2,,1.0
2026-03-01,9.1,5.7,12.8,0.0,3.5,5.2,55.4,2.1,,8.3
2026-03-02,4.9,2.8,7.5,12.2,5.3,7.5,81.0,0.0,,10.0
2026-03-03,5.9,2.0,11.8,1.3,2.9,5.1,67.8,5.1,,7.6
2026-03-04,6.0,0.7,12.0,,2.3,5.1,58.8,10.3,,1.4
2026-03-05,6.0,1.4,13.2,15.5,2.3,4.3,66.1,5.1,0.2,7.1
2026-03-06,1.9,-0.4,3.8,0.0,2.9,5.6,75.4,0.1,0.2,6.6
2026-03-07,1.0,-2.9,6.2,,2.6,5.6,47.6,10.9,,0.0
2026-03-08,2.0,-3.4,7.4,,2.2,4.8,50.0,10.7,,2.3
2026-03-09,4.5,2.0,8.1,,2.5,5.0,56.9,6.4,,3.3
2026-03-10,3.9,-0.6,10.0,,2.0,4.1,49.6,10.0,,0.8
2026-03-11,4.5,0.1,10.0,,2.1,4.4,56.9,6.9,,3.8
2026-03-12,7.1,0.7,13.8,,2.3,6.2,56.6,8.4,,1.0
2026-03-13,7.6,2.3,13.6,,2.7,5.5,44.3,10.8,,1.3
2026-03-14,8.1,4.9,13.4,,2.5,4.5,46.4,4.0,,8.6
2026-03-15,7.4,4.2,11.4,0.1,2.0,4.2,64.6,2.6,,6.1
2026-03-16,7.4,1.8,13.8,,1.7,3.7,54.3,9.3,,4.4
2026-03-17,8.8,2.3,15.7,,1.8,3.3,45.6,10.8,,1.5
2026-03-18,6.8,4.2,9.4,4.8,2.0,4.6,71.1,1.3,,8.0
2026-03-19,6.1,1.4,12.9,,2.5,6.4,47.8,11.4,,1.8
2026-03-20,7.5,2.5,13.9,,2.3,4.6,62.1,9.0,,1.3
2026-03-21,8.4,2.0,15.7,,1.9,4.3,43.4,11.2,,1.0
2026-03-22,11.0,5.5,18.6,,1.9,4.8,31.1,10.1,,3.8
2026-03-23,11.9,4.5,20.1,,1.9,3.7,35.4,11.0,,1.4
2026-03-24,12.9,8.2,18.7,,2.3,4.3,47.4,7.7,,6.1
2026-03-25,12.8,8.7,19.7,,2.4,5.6,57.6,10.9,,2.3
2026-03-26,12.1,6.6,19.5,,2.2,4.5,62.4,10.4,,0.0
2026-03-27,11.4,5.9,18.2,,2.7,4.4,68.6,7.4,,0.0
2026-03-28,12.2,6.0,20.5,,2.2,4.4,59.0,10.2,,1.8
2026-03-29,13.6,7.5,20.7,,2.0,4.4,40.3,6.9,,5.8
2026-03-30,16.0,11.0,21.2,1.8,1.8,4.2,38.0,1.4,,8.9
2026-03-31,14.2,10.7,18.7,8.2,2.5,4.4,66.8,4.5,,7.1
2026-04-01,13.3,9.3,18.0,,2.4,4.8,57.6,4.3,,6.3
2026-04-02,11.6,6.4,18.1,,2.5,5.9,53.3,11.6,,0.0
2026-04-03,14.7,7.3,22.3,,2.2,4.4,53.8,9.0,,7.4
2026-04-04,14.3,8.5,21.2,0.0,3.1,5.8,63.4,8.1,,6.6
2026-04-05,11.5,7.2,17.2,2.1,2.5,5.0,59.9,7.7,,6.8
2026-04-06,10.2,5.4,14.0,1.2,2.1,4.8,59.1,2.6,,5.8
2026-04-07,8.2,3.3,14.0,,3.0,6.2,44.0,12.2,,0.0
2026-04-08,10.3,3.5,16.6,,1.9,4.1,51.4,12.1,,1.0
2026-04-09,10.6,8.7,12.3,18.9,3.0,6.3,76.5,0.0,,10.0
2026-04-10,10.3,8.8,12.7,5.1,3.3,4.9,89.9,0.0,,9.5
2026-04-11,10.9,8.2,16.1,0.0,2.8,5.1,77.9,5.7,,7.1
2026-04-12,14.9,6.1,23.8,,2.0,3.5,53.4,10.8,,4.1
2026-04-13,18.7,9.7,27.4,,1.6,3.1,37.8,11.1,,2.4
2026-04-14,20.7,14.3,28.0,,2.0,4.0,35.3,10.7,,4.9
2026-04-15,19.7,13.4,26.4,,2.2,5.4,43.8,11.6,,1.9
2026-04-16,19.8,12.8,27.3,,2.7,5.5,40.0,11.5,,3.5
2026-04-17,17.4,13.3,22.3,,2.5,4.9,45.0,4.1,,6.3
2026-04-18,19.2,11.0,27.3,,1.8,3.4,52.6,11.9,,2.4
2026-04-19,21.6,14.5,29.4,,2.2,4.6,45.4,11.4,,2.6
2026-04-20,13.4,9.1,17.8,0.8,2.9,5.8,59.8,2.8,,4.0
2026-04-21,12.2,7.1,17.9,,2.6,5.8,51.0,6.6,,5.1
2026-04-22,14.2,9.8,20.1,,2.1,4.7,44.9,5.4,,6.4
2026-04-23,17.0,10.0,24.6,,2.6,5.2,35.8,9.3,,4.6
2026-04-24,18.0,9.5,26.9,,2.1,4.1,30.3,12.7,,0.0
2026-04-25,18.2,11.3,26.3,,2.1,4.8,35.8,12.5,,0.0
2026-04-26,17.8,11.3,25.2,,2.2,5.3,30.8,12.5,,1.3
2026-04-27,16.2,12.6,23.0,1.5,1.9,5.3,50.0,4.8,,7.4
2026-04-28,13.3,11.4,16.6,0.2,2.8,5.5,67.0,1.3,,7.8
2026-04-29,14.9,8.6,21.7,,2.0,4.8,50.9,11.2,,5.9
2026-04-30,17.4,10.9,24.4,,2.4,5.9,38.0,12.5,,4.4
2026-05-01,17.8,13.6,24.3,0.0,3.6,7.0,43.5,10.3,,3.4
2026-05-02,17.3,12.8,22.4,1.4,2.1,5.6,65.1,0.9,,8.6
2026-05-03,13.0,11.7,15.5,14.8,2.0,4.9,87.5,0.0,,9.9
2026-05-04,13.7,8.1,19.9,1.8,3.2,5.3,56.1,12.8,,1.1
2026-05-05,14.5,8.4,21.2,,2.4,5.3,49.8,13.0,,0.0
2026-05-06,16.9,9.1,23.8,,2.5,5.6,49.1,11.0,,1.6
2026-05-07,15.4,13.0,20.3,2.7,2.6,5.9,70.9,2.4,,7.8
2026-05-08,15.2,9.8,20.4,,3.2,7.6,50.9,12.6,,0.9
2026-05-09,15.9,9.7,22.7,,2.2,4.6,40.5,11.7,,0.8
2026-05-10,17.1,10.0,24.5,,2.4,4.8,40.9,11.2,,2.3
2026-05-11,16.8,12.9,20.9,0.9,2.0,4.6,71.9,0.2,,7.8
2026-05-12,19.1,15.4,24.5,18.1,1.8,4.1,74.1,6.9,,4.8
2026-05-13,19.7,13.4,26.2,0.0,2.0,4.7,64.0,11.5,,2.0
2026-05-14,23.5,15.1,31.5,,1.7,3.8,54.0,12.0,,0.8
2026-05-15,24.2,18.3,31.3,,1.9,5.0,52.6,12.6,,0.0
2026-05-16,23.1,17.5,29.9,,2.2,4.4,51.5,13.0,,0.0
2026-05-17,22.6,16.2,29.4,,1.9,3.7,46.8,12.9,,1.9
2026-05-18,23.0,15.7,30.1,,2.1,4.3,41.4,11.9,,5.3
2026-05-19,22.1,19.8,25.5,0.0,1.9,4.4,52.6,0.4,,9.9
2026-05-20,16.9,14.8,21.8,63.1,3.6,5.6,84.3,0.0,,10.0
2026-05-21,17.0,14.7,20.2,14.0,3.4,4.6,83.1,0.0,,8.5
2026-05-22,20.6,15.1,27.0,,2.9,4.3,48.6,12.8,,3.1
2026-05-23,19.2,16.0,24.7,0.0,2.2,3.9,56.9,6.7,,5.0
2026-05-24,22.1,14.8,29.2,,1.8,3.3,61.0,12.9,,1.1
2026-05-25,24.4,17.9,29.8,,1.9,4.2,63.6,10.4,,4.9
2026-05-26,24.9,21.8,29.0,0.6,1.9,3.7,70.6,0.1,,9.3
2026-05-27,22.3,20.1,25.1,2.5,2.5,5.2,78.4,0.0,,9.9
2026-05-28,20.9,17.6,26.5,3.5,2.4,4.7,81.4,3.8,,6.3
2026-05-29,21.5,16.6,26.9,,2.4,5.1,62.8,12.5,,0.4
2026-05-30,22.5,15.8,29.0,,2.3,5.5,59.3,13.5,,0.0
